ID,partNumber,partName,quantity,huContainer_ID,createdAt,createdBy,modifiedAt,modifiedBy
30000001-0001-0001-0001-000000000001,ENG-C350-001,Engine Assembly,1,20000001-0001-0001-0001-000000000001,2026-09-15T13:00:00Z,system,2026-09-15T13:00:00Z,system
30000001-0001-0001-0001-000000000002,ENG-C350-002,Cylinder Head,1,20000001-0001-0001-0001-000000000001,2026-09-15T13:00:01Z,system,2026-09-15T13:00:01Z,system
30000001-0001-0001-0001-000000000003,ENG-C350-003,Crankcase,1,20000001-0001-0001-0001-000000000001,2026-09-15T13:00:02Z,system,2026-09-15T13:00:02Z,system
30000001-0001-0001-0001-000000000004,ENG-C350-004,Piston Assembly,1,20000001-0001-0001-0001-000000000001,2026-09-15T13:00:03Z,system,2026-09-15T13:00:03Z,system
30000001-0001-0001-0001-000000000005,ENG-C350-005,Connecting Rod,1,20000001-0001-0001-0001-000000000001,2026-09-15T13:00:04Z,system,2026-09-15T13:00:04Z,system
30000001-0001-0001-0001-000000000006,ENG-C350-006,Clutch Assembly,1,20000001-0001-0001-0001-000000000001,2026-09-15T13:00:05Z,system,2026-09-15T13:00:05Z,system
30000001-0001-0001-0001-000000000007,ENG-C350-007,Gearbox Assembly,1,20000001-0001-0001-0001-000000000001,2026-09-15T13:00:06Z,system,2026-09-15T13:00:06Z,system
30000001-0001-0001-0001-000000000008,FUEL-C350-001,Fuel Tank,1,20000001-0001-0001-0001-000000000002,2026-09-15T13:01:00Z,system,2026-09-15T13:01:00Z,system
30000001-0001-0001-0001-000000000009,FUEL-C350-002,Fuel Pump,1,20000001-0001-0001-0001-000000000002,2026-09-15T13:01:01Z,system,2026-09-15T13:01:01Z,system
30000001-0001-0001-0001-000000000010,FUEL-C350-003,Fuel Injector,1,20000001-0001-0001-0001-000000000002,2026-09-15T13:01:02Z,system,2026-09-15T13:01:02Z,system
30000001-0001-0001-0001-000000000011,FUEL-C350-004,Throttle Body,1,20000001-0001-0001-0001-000000000002,2026-09-15T13:01:03Z,system,2026-09-15T13:01:03Z,system
30000001-0001-0001-0001-000000000012,FUEL-C350-005,Fuel Pipe,2,20000001-0001-0001-0001-000000000002,2026-09-15T13:01:04Z,system,2026-09-15T13:01:04Z,system
30000001-0001-0001-0001-000000000013,FUEL-C350-006,Fuel Filter,1,20000001-0001-0001-0001-000000000002,2026-09-15T13:01:05Z,system,2026-09-15T13:01:05Z,system
30000001-0001-0001-0001-000000000014,FUEL-C350-007,Fuel Tank Cap,1,20000001-0001-0001-0001-000000000002,2026-09-15T13:01:06Z,system,2026-09-15T13:01:06Z,system
30000001-0001-0001-0001-000000000015,ELE-C350-001,Main Wiring Harness,1,20000001-0001-0001-0001-000000000003,2026-09-15T13:02:00Z,system,2026-09-15T13:02:00Z,system
30000001-0001-0001-0001-000000000016,ELE-C350-002,Battery,1,20000001-0001-0001-0001-000000000003,2026-09-15T13:02:01Z,system,2026-09-15T13:02:01Z,system
30000001-0001-0001-0001-000000000017,ELE-C350-003,ECU,1,20000001-0001-0001-0001-000000000003,2026-09-15T13:02:02Z,system,2026-09-15T13:02:02Z,system
30000001-0001-0001-0001-000000000018,ELE-C350-004,Ignition Coil,1,20000001-0001-0001-0001-000000000003,2026-09-15T13:02:03Z,system,2026-09-15T13:02:03Z,system
30000001-0001-0001-0001-000000000019,ELE-C350-005,Starter Motor,1,20000001-0001-0001-0001-000000000003,2026-09-15T13:02:04Z,system,2026-09-15T13:02:04Z,system
30000001-0001-0001-0001-000000000020,ELE-C350-006,Headlamp Assembly,1,20000001-0001-0001-0001-000000000003,2026-09-15T13:02:05Z,system,2026-09-15T13:02:05Z,system
30000001-0001-0001-0001-000000000021,ELE-C350-007,Indicator Set,1,20000001-0001-0001-0001-000000000003,2026-09-15T13:02:06Z,system,2026-09-15T13:02:06Z,system
30000001-0001-0001-0001-000000000022,FRONT-C350-001,Front Fork Assembly,1,20000001-0001-0001-0001-000000000004,2026-09-15T10:22:00Z,system,2026-09-15T10:22:00Z,system
30000001-0001-0001-0001-000000000023,FRONT-C350-002,Handlebar,1,20000001-0001-0001-0001-000000000004,2026-09-15T10:23:00Z,system,2026-09-15T10:23:00Z,system
30000001-0001-0001-0001-000000000024,FRONT-C350-003,Front Wheel,1,20000001-0001-0001-0001-000000000004,2026-09-15T10:24:00Z,system,2026-09-15T10:24:00Z,system
30000001-0001-0001-0001-000000000025,FRONT-C350-004,Front Brake Disc,1,20000001-0001-0001-0001-000000000004,2026-09-15T10:25:00Z,system,2026-09-15T10:25:00Z,system
30000001-0001-0001-0001-000000000026,FRONT-C350-005,Front Brake Caliper,1,20000001-0001-0001-0001-000000000004,2026-09-15T10:26:00Z,system,2026-09-15T10:26:00Z,system
30000001-0001-0001-0001-000000000027,FRONT-C350-006,Headlight Bracket,1,20000001-0001-0001-0001-000000000004,2026-09-15T10:27:00Z,system,2026-09-15T10:27:00Z,system
30000001-0001-0001-0001-000000000028,FRONT-C350-007,Front Fender,1,20000001-0001-0001-0001-000000000004,2026-09-15T10:28:00Z,system,2026-09-15T10:28:00Z,system
30000001-0001-0001-0001-000000000029,REAR-C350-001,Rear Wheel,1,20000001-0001-0001-0001-000000000005,2026-09-15T10:29:00Z,system,2026-09-15T10:29:00Z,system
30000001-0001-0001-0001-000000000030,REAR-C350-002,Rear Brake Disc,1,20000001-0001-0001-0001-000000000005,2026-09-15T10:30:00Z,system,2026-09-15T10:30:00Z,system
30000001-0001-0001-0001-000000000031,REAR-C350-003,Rear Brake Caliper,1,20000001-0001-0001-0001-000000000005,2026-09-15T10:31:00Z,system,2026-09-15T10:31:00Z,system
30000001-0001-0001-0001-000000000032,REAR-C350-004,Swingarm,1,20000001-0001-0001-0001-000000000005,2026-09-15T10:32:00Z,system,2026-09-15T10:32:00Z,system
30000001-0001-0001-0001-000000000033,REAR-C350-005,Rear Shock Absorber,2,20000001-0001-0001-0001-000000000005,2026-09-15T10:33:00Z,system,2026-09-15T10:33:00Z,system
30000001-0001-0001-0001-000000000034,REAR-C350-006,Chain Guard,1,20000001-0001-0001-0001-000000000005,2026-09-15T10:34:00Z,system,2026-09-15T10:34:00Z,system
30000001-0001-0001-0001-000000000035,REAR-C350-007,Rear Fender,1,20000001-0001-0001-0001-000000000005,2026-09-15T10:35:00Z,system,2026-09-15T10:35:00Z,system
30000001-0001-0001-0001-000000000036,FRAME-C350-001,Main Frame,1,20000001-0001-0001-0001-000000000006,2026-09-15T10:36:00Z,system,2026-09-15T10:36:00Z,system
30000001-0001-0001-0001-000000000037,FRAME-C350-002,Subframe,1,20000001-0001-0001-0001-000000000006,2026-09-15T10:37:00Z,system,2026-09-15T10:37:00Z,system
30000001-0001-0001-0001-000000000038,FRAME-C350-003,Steering Stem,1,20000001-0001-0001-0001-000000000006,2026-09-15T10:38:00Z,system,2026-09-15T10:38:00Z,system
30000001-0001-0001-0001-000000000039,FRAME-C350-004,Footrest Assembly,1,20000001-0001-0001-0001-000000000006,2026-09-15T10:39:00Z,system,2026-09-15T10:39:00Z,system
30000001-0001-0001-0001-000000000040,FRAME-C350-005,Side Stand,1,20000001-0001-0001-0001-000000000006,2026-09-15T10:40:00Z,system,2026-09-15T10:40:00Z,system
30000001-0001-0001-0001-000000000041,FRAME-C350-006,Center Stand,1,20000001-0001-0001-0001-000000000006,2026-09-15T10:41:00Z,system,2026-09-15T10:41:00Z,system
30000001-0001-0001-0001-000000000042,FRAME-C350-007,Crash Guard,1,20000001-0001-0001-0001-000000000006,2026-09-15T10:42:00Z,system,2026-09-15T10:42:00Z,system
30000001-0001-0001-0001-000000000043,EXH-C350-001,Exhaust Header,1,20000001-0001-0001-0001-000000000007,2026-09-15T10:43:00Z,system,2026-09-15T10:43:00Z,system
30000001-0001-0001-0001-000000000044,EXH-C350-002,Silencer,1,20000001-0001-0001-0001-000000000007,2026-09-15T10:44:00Z,system,2026-09-15T10:44:00Z,system
30000001-0001-0001-0001-000000000045,EXH-C350-003,Exhaust Heat Shield,1,20000001-0001-0001-0001-000000000007,2026-09-15T10:45:00Z,system,2026-09-15T10:45:00Z,system
30000001-0001-0001-0001-000000000046,EXH-C350-004,Exhaust Mount Bracket,1,20000001-0001-0001-0001-000000000007,2026-09-15T10:46:00Z,system,2026-09-15T10:46:00Z,system
30000001-0001-0001-0001-000000000047,EXH-C350-005,Exhaust Gasket,1,20000001-0001-0001-0001-000000000007,2026-09-15T10:47:00Z,system,2026-09-15T10:47:00Z,system
30000001-0001-0001-0001-000000000048,EXH-C350-006,Exhaust Clamp,1,20000001-0001-0001-0001-000000000007,2026-09-15T10:48:00Z,system,2026-09-15T10:48:00Z,system
30000001-0001-0001-0001-000000000049,EXH-C350-007,Oxygen Sensor,1,20000001-0001-0001-0001-000000000007,2026-09-15T10:49:00Z,system,2026-09-15T10:49:00Z,system
30000001-0001-0001-0001-000000000050,ACC-C350-001,Tool Kit,1,20000001-0001-0001-0001-000000000008,2026-09-15T10:50:00Z,system,2026-09-15T10:50:00Z,system
30000001-0001-0001-0001-000000000051,ACC-C350-002,Rear View Mirror Set,1,20000001-0001-0001-0001-000000000008,2026-09-15T10:51:00Z,system,2026-09-15T10:51:00Z,system
30000001-0001-0001-0001-000000000052,ACC-C350-003,Owner Manual,1,20000001-0001-0001-0001-000000000008,2026-09-15T10:52:00Z,system,2026-09-15T10:52:00Z,system
30000001-0001-0001-0001-000000000053,ACC-C350-004,First Aid Kit,1,20000001-0001-0001-0001-000000000008,2026-09-15T10:53:00Z,system,2026-09-15T10:53:00Z,system
30000001-0001-0001-0001-000000000054,ACC-C350-005,Number Plate Holder,1,20000001-0001-0001-0001-000000000008,2026-09-15T10:54:00Z,system,2026-09-15T10:54:00Z,system
30000001-0001-0001-0001-000000000055,ACC-C350-006,Saree Guard,1,20000001-0001-0001-0001-000000000008,2026-09-15T10:55:00Z,system,2026-09-15T10:55:00Z,system
30000001-0001-0001-0001-000000000056,ACC-C350-007,Protective Cover,1,20000001-0001-0001-0001-000000000008,2026-09-15T10:56:00Z,system,2026-09-15T10:56:00Z,system
30000001-0001-0001-0001-000000000057,ENG-C500-001,Engine Assembly,1,20000001-0001-0001-0001-000000000009,2026-09-15T10:57:00Z,system,2026-09-15T10:57:00Z,system
30000001-0001-0001-0001-000000000058,ENG-C500-002,Cylinder Head,1,20000001-0001-0001-0001-000000000009,2026-09-15T10:58:00Z,system,2026-09-15T10:58:00Z,system
30000001-0001-0001-0001-000000000059,ENG-C500-003,Crankcase,1,20000001-0001-0001-0001-000000000009,2026-09-15T10:59:00Z,system,2026-09-15T10:59:00Z,system
30000001-0001-0001-0001-000000000060,ENG-C500-004,Piston Assembly,1,20000001-0001-0001-0001-000000000009,2026-09-15T11:00:00Z,system,2026-09-15T11:00:00Z,system
30000001-0001-0001-0001-000000000061,ENG-C500-005,Connecting Rod,1,20000001-0001-0001-0001-000000000009,2026-09-15T11:01:00Z,system,2026-09-15T11:01:00Z,system
30000001-0001-0001-0001-000000000062,ENG-C500-006,Clutch Assembly,1,20000001-0001-0001-0001-000000000009,2026-09-15T11:02:00Z,system,2026-09-15T11:02:00Z,system
30000001-0001-0001-0001-000000000063,ENG-C500-007,Gearbox Assembly,1,20000001-0001-0001-0001-000000000009,2026-09-15T11:03:00Z,system,2026-09-15T11:03:00Z,system
30000001-0001-0001-0001-000000000064,FUEL-C500-001,Fuel Tank,1,20000001-0001-0001-0001-000000000010,2026-09-15T11:04:00Z,system,2026-09-15T11:04:00Z,system
30000001-0001-0001-0001-000000000065,FUEL-C500-002,Fuel Pump,1,20000001-0001-0001-0001-000000000010,2026-09-15T11:05:00Z,system,2026-09-15T11:05:00Z,system
30000001-0001-0001-0001-000000000066,FUEL-C500-003,Fuel Injector,1,20000001-0001-0001-0001-000000000010,2026-09-15T11:06:00Z,system,2026-09-15T11:06:00Z,system
30000001-0001-0001-0001-000000000067,FUEL-C500-004,Throttle Body,1,20000001-0001-0001-0001-000000000010,2026-09-15T11:07:00Z,system,2026-09-15T11:07:00Z,system
30000001-0001-0001-0001-000000000068,FUEL-C500-005,Fuel Pipe,2,20000001-0001-0001-0001-000000000010,2026-09-15T11:08:00Z,system,2026-09-15T11:08:00Z,system
30000001-0001-0001-0001-000000000069,FUEL-C500-006,Fuel Filter,1,20000001-0001-0001-0001-000000000010,2026-09-15T11:09:00Z,system,2026-09-15T11:09:00Z,system
30000001-0001-0001-0001-000000000070,FUEL-C500-007,Fuel Tank Cap,1,20000001-0001-0001-0001-000000000010,2026-09-15T11:10:00Z,system,2026-09-15T11:10:00Z,system
30000001-0001-0001-0001-000000000071,ELE-C500-001,Main Wiring Harness,1,20000001-0001-0001-0001-000000000011,2026-09-15T11:11:00Z,system,2026-09-15T11:11:00Z,system
30000001-0001-0001-0001-000000000072,ELE-C500-002,Battery,1,20000001-0001-0001-0001-000000000011,2026-09-15T11:12:00Z,system,2026-09-15T11:12:00Z,system
30000001-0001-0001-0001-000000000073,ELE-C500-003,ECU,1,20000001-0001-0001-0001-000000000011,2026-09-15T11:13:00Z,system,2026-09-15T11:13:00Z,system
30000001-0001-0001-0001-000000000074,ELE-C500-004,Ignition Coil,1,20000001-0001-0001-0001-000000000011,2026-09-15T11:14:00Z,system,2026-09-15T11:14:00Z,system
30000001-0001-0001-0001-000000000075,ELE-C500-005,Starter Motor,1,20000001-0001-0001-0001-000000000011,2026-09-15T11:15:00Z,system,2026-09-15T11:15:00Z,system
30000001-0001-0001-0001-000000000076,ELE-C500-006,Headlamp Assembly,1,20000001-0001-0001-0001-000000000011,2026-09-15T11:16:00Z,system,2026-09-15T11:16:00Z,system
30000001-0001-0001-0001-000000000077,ELE-C500-007,Indicator Set,1,20000001-0001-0001-0001-000000000011,2026-09-15T11:17:00Z,system,2026-09-15T11:17:00Z,system
30000001-0001-0001-0001-000000000078,FRONT-C500-001,Front Fork Assembly,1,20000001-0001-0001-0001-000000000012,2026-09-15T11:18:00Z,system,2026-09-15T11:18:00Z,system
30000001-0001-0001-0001-000000000079,FRONT-C500-002,Handlebar,1,20000001-0001-0001-0001-000000000012,2026-09-15T11:19:00Z,system,2026-09-15T11:19:00Z,system
30000001-0001-0001-0001-000000000080,FRONT-C500-003,Front Wheel,1,20000001-0001-0001-0001-000000000012,2026-09-15T11:20:00Z,system,2026-09-15T11:20:00Z,system
30000001-0001-0001-0001-000000000081,FRONT-C500-004,Front Brake Disc,1,20000001-0001-0001-0001-000000000012,2026-09-15T11:21:00Z,system,2026-09-15T11:21:00Z,system
30000001-0001-0001-0001-000000000082,FRONT-C500-005,Front Brake Caliper,1,20000001-0001-0001-0001-000000000012,2026-09-15T11:22:00Z,system,2026-09-15T11:22:00Z,system
30000001-0001-0001-0001-000000000083,FRONT-C500-006,Headlight Bracket,1,20000001-0001-0001-0001-000000000012,2026-09-15T11:23:00Z,system,2026-09-15T11:23:00Z,system
30000001-0001-0001-0001-000000000084,FRONT-C500-007,Front Fender,1,20000001-0001-0001-0001-000000000012,2026-09-15T11:24:00Z,system,2026-09-15T11:24:00Z,system
30000001-0001-0001-0001-000000000085,REAR-C500-001,Rear Wheel,1,20000001-0001-0001-0001-000000000013,2026-09-15T11:25:00Z,system,2026-09-15T11:25:00Z,system
30000001-0001-0001-0001-000000000086,REAR-C500-002,Rear Brake Disc,1,20000001-0001-0001-0001-000000000013,2026-09-15T11:26:00Z,system,2026-09-15T11:26:00Z,system
30000001-0001-0001-0001-000000000087,REAR-C500-003,Rear Brake Caliper,1,20000001-0001-0001-0001-000000000013,2026-09-15T11:27:00Z,system,2026-09-15T11:27:00Z,system
30000001-0001-0001-0001-000000000088,REAR-C500-004,Swingarm,1,20000001-0001-0001-0001-000000000013,2026-09-15T11:28:00Z,system,2026-09-15T11:28:00Z,system
30000001-0001-0001-0001-000000000089,REAR-C500-005,Rear Shock Absorber,2,20000001-0001-0001-0001-000000000013,2026-09-15T11:29:00Z,system,2026-09-15T11:29:00Z,system
30000001-0001-0001-0001-000000000090,REAR-C500-006,Chain Guard,1,20000001-0001-0001-0001-000000000013,2026-09-15T11:30:00Z,system,2026-09-15T11:30:00Z,system
30000001-0001-0001-0001-000000000091,REAR-C500-007,Rear Fender,1,20000001-0001-0001-0001-000000000013,2026-09-15T11:31:00Z,system,2026-09-15T11:31:00Z,system
30000001-0001-0001-0001-000000000092,FRAME-C500-001,Main Frame,1,20000001-0001-0001-0001-000000000014,2026-09-15T11:32:00Z,system,2026-09-15T11:32:00Z,system
30000001-0001-0001-0001-000000000093,FRAME-C500-002,Subframe,1,20000001-0001-0001-0001-000000000014,2026-09-15T11:33:00Z,system,2026-09-15T11:33:00Z,system
30000001-0001-0001-0001-000000000094,FRAME-C500-003,Steering Stem,1,20000001-0001-0001-0001-000000000014,2026-09-15T11:34:00Z,system,2026-09-15T11:34:00Z,system
30000001-0001-0001-0001-000000000095,FRAME-C500-004,Footrest Assembly,1,20000001-0001-0001-0001-000000000014,2026-09-15T11:35:00Z,system,2026-09-15T11:35:00Z,system
30000001-0001-0001-0001-000000000096,FRAME-C500-005,Side Stand,1,20000001-0001-0001-0001-000000000014,2026-09-15T11:36:00Z,system,2026-09-15T11:36:00Z,system
30000001-0001-0001-0001-000000000097,FRAME-C500-006,Center Stand,1,20000001-0001-0001-0001-000000000014,2026-09-15T11:37:00Z,system,2026-09-15T11:37:00Z,system
30000001-0001-0001-0001-000000000098,FRAME-C500-007,Crash Guard,1,20000001-0001-0001-0001-000000000014,2026-09-15T11:38:00Z,system,2026-09-15T11:38:00Z,system
30000001-0001-0001-0001-000000000099,EXH-C500-001,Exhaust Header,1,20000001-0001-0001-0001-000000000015,2026-09-15T11:39:00Z,system,2026-09-15T11:39:00Z,system
30000001-0001-0001-0001-000000000100,EXH-C500-002,Silencer,1,20000001-0001-0001-0001-000000000015,2026-09-15T11:40:00Z,system,2026-09-15T11:40:00Z,system
30000001-0001-0001-0001-000000000101,EXH-C500-003,Exhaust Heat Shield,1,20000001-0001-0001-0001-000000000015,2026-09-15T11:41:00Z,system,2026-09-15T11:41:00Z,system
30000001-0001-0001-0001-000000000102,EXH-C500-004,Exhaust Mount Bracket,1,20000001-0001-0001-0001-000000000015,2026-09-15T11:42:00Z,system,2026-09-15T11:42:00Z,system
30000001-0001-0001-0001-000000000103,EXH-C500-005,Exhaust Gasket,1,20000001-0001-0001-0001-000000000015,2026-09-15T11:43:00Z,system,2026-09-15T11:43:00Z,system
30000001-0001-0001-0001-000000000104,EXH-C500-006,Exhaust Clamp,1,20000001-0001-0001-0001-000000000015,2026-09-15T11:44:00Z,system,2026-09-15T11:44:00Z,system
30000001-0001-0001-0001-000000000105,EXH-C500-007,Oxygen Sensor,1,20000001-0001-0001-0001-000000000015,2026-09-15T11:45:00Z,system,2026-09-15T11:45:00Z,system
30000001-0001-0001-0001-000000000106,ACC-C500-001,Tool Kit,1,20000001-0001-0001-0001-000000000016,2026-09-15T11:46:00Z,system,2026-09-15T11:46:00Z,system
30000001-0001-0001-0001-000000000107,ACC-C500-002,Rear View Mirror Set,1,20000001-0001-0001-0001-000000000016,2026-09-15T11:47:00Z,system,2026-09-15T11:47:00Z,system
30000001-0001-0001-0001-000000000108,ACC-C500-003,Owner Manual,1,20000001-0001-0001-0001-000000000016,2026-09-15T11:48:00Z,system,2026-09-15T11:48:00Z,system
30000001-0001-0001-0001-000000000109,ACC-C500-004,First Aid Kit,1,20000001-0001-0001-0001-000000000016,2026-09-15T11:49:00Z,system,2026-09-15T11:49:00Z,system
30000001-0001-0001-0001-000000000110,ACC-C500-005,Number Plate Holder,1,20000001-0001-0001-0001-000000000016,2026-09-15T11:50:00Z,system,2026-09-15T11:50:00Z,system
30000001-0001-0001-0001-000000000111,ACC-C500-006,Saree Guard,1,20000001-0001-0001-0001-000000000016,2026-09-15T11:51:00Z,system,2026-09-15T11:51:00Z,system
30000001-0001-0001-0001-000000000112,ACC-C500-007,Protective Cover,1,20000001-0001-0001-0001-000000000016,2026-09-15T11:52:00Z,system,2026-09-15T11:52:00Z,system
30000001-0001-0001-0001-000000000113,ENG-CC-001,Engine Assembly,1,20000001-0001-0001-0001-000000000017,2026-09-15T11:53:00Z,system,2026-09-15T11:53:00Z,system
30000001-0001-0001-0001-000000000114,ENG-CC-002,Cylinder Head,1,20000001-0001-0001-0001-000000000017,2026-09-15T11:54:00Z,system,2026-09-15T11:54:00Z,system
30000001-0001-0001-0001-000000000115,ENG-CC-003,Crankcase,1,20000001-0001-0001-0001-000000000017,2026-09-15T11:55:00Z,system,2026-09-15T11:55:00Z,system
30000001-0001-0001-0001-000000000116,ENG-CC-004,Piston Assembly,1,20000001-0001-0001-0001-000000000017,2026-09-15T11:56:00Z,system,2026-09-15T11:56:00Z,system
30000001-0001-0001-0001-000000000117,ENG-CC-005,Connecting Rod,1,20000001-0001-0001-0001-000000000017,2026-09-15T11:57:00Z,system,2026-09-15T11:57:00Z,system
30000001-0001-0001-0001-000000000118,ENG-CC-006,Clutch Assembly,1,20000001-0001-0001-0001-000000000017,2026-09-15T11:58:00Z,system,2026-09-15T11:58:00Z,system
30000001-0001-0001-0001-000000000119,ENG-CC-007,Gearbox Assembly,1,20000001-0001-0001-0001-000000000017,2026-09-15T11:59:00Z,system,2026-09-15T11:59:00Z,system
30000001-0001-0001-0001-000000000120,FUEL-CC-001,Fuel Tank,1,20000001-0001-0001-0001-000000000018,2026-09-15T12:00:00Z,system,2026-09-15T12:00:00Z,system
30000001-0001-0001-0001-000000000121,FUEL-CC-002,Fuel Pump,1,20000001-0001-0001-0001-000000000018,2026-09-15T12:01:00Z,system,2026-09-15T12:01:00Z,system
30000001-0001-0001-0001-000000000122,FUEL-CC-003,Fuel Injector,1,20000001-0001-0001-0001-000000000018,2026-09-15T12:02:00Z,system,2026-09-15T12:02:00Z,system
30000001-0001-0001-0001-000000000123,FUEL-CC-004,Throttle Body,1,20000001-0001-0001-0001-000000000018,2026-09-15T12:03:00Z,system,2026-09-15T12:03:00Z,system
30000001-0001-0001-0001-000000000124,FUEL-CC-005,Fuel Pipe,2,20000001-0001-0001-0001-000000000018,2026-09-15T12:04:00Z,system,2026-09-15T12:04:00Z,system
30000001-0001-0001-0001-000000000125,FUEL-CC-006,Fuel Filter,1,20000001-0001-0001-0001-000000000018,2026-09-15T12:05:00Z,system,2026-09-15T12:05:00Z,system
30000001-0001-0001-0001-000000000126,FUEL-CC-007,Fuel Tank Cap,1,20000001-0001-0001-0001-000000000018,2026-09-15T12:06:00Z,system,2026-09-15T12:06:00Z,system
30000001-0001-0001-0001-000000000127,ELE-CC-001,Main Wiring Harness,1,20000001-0001-0001-0001-000000000019,2026-09-15T12:07:00Z,system,2026-09-15T12:07:00Z,system
30000001-0001-0001-0001-000000000128,ELE-CC-002,Battery,1,20000001-0001-0001-0001-000000000019,2026-09-15T12:08:00Z,system,2026-09-15T12:08:00Z,system
30000001-0001-0001-0001-000000000129,ELE-CC-003,ECU,1,20000001-0001-0001-0001-000000000019,2026-09-15T12:09:00Z,system,2026-09-15T12:09:00Z,system
30000001-0001-0001-0001-000000000130,ELE-CC-004,Ignition Coil,1,20000001-0001-0001-0001-000000000019,2026-09-15T12:10:00Z,system,2026-09-15T12:10:00Z,system
30000001-0001-0001-0001-000000000131,ELE-CC-005,Starter Motor,1,20000001-0001-0001-0001-000000000019,2026-09-15T12:11:00Z,system,2026-09-15T12:11:00Z,system
30000001-0001-0001-0001-000000000132,ELE-CC-006,Headlamp Assembly,1,20000001-0001-0001-0001-000000000019,2026-09-15T12:12:00Z,system,2026-09-15T12:12:00Z,system
30000001-0001-0001-0001-000000000133,ELE-CC-007,Indicator Set,1,20000001-0001-0001-0001-000000000019,2026-09-15T12:13:00Z,system,2026-09-15T12:13:00Z,system
30000001-0001-0001-0001-000000000134,FRONT-CC-001,Front Fork Assembly,1,20000001-0001-0001-0001-000000000020,2026-09-15T12:14:00Z,system,2026-09-15T12:14:00Z,system
30000001-0001-0001-0001-000000000135,FRONT-CC-002,Handlebar,1,20000001-0001-0001-0001-000000000020,2026-09-15T12:15:00Z,system,2026-09-15T12:15:00Z,system
30000001-0001-0001-0001-000000000136,FRONT-CC-003,Front Wheel,1,20000001-0001-0001-0001-000000000020,2026-09-15T12:16:00Z,system,2026-09-15T12:16:00Z,system
30000001-0001-0001-0001-000000000137,FRONT-CC-004,Front Brake Disc,1,20000001-0001-0001-0001-000000000020,2026-09-15T12:17:00Z,system,2026-09-15T12:17:00Z,system
30000001-0001-0001-0001-000000000138,FRONT-CC-005,Front Brake Caliper,1,20000001-0001-0001-0001-000000000020,2026-09-15T12:18:00Z,system,2026-09-15T12:18:00Z,system
30000001-0001-0001-0001-000000000139,FRONT-CC-006,Headlight Bracket,1,20000001-0001-0001-0001-000000000020,2026-09-15T12:19:00Z,system,2026-09-15T12:19:00Z,system
30000001-0001-0001-0001-000000000140,FRONT-CC-007,Front Fender,1,20000001-0001-0001-0001-000000000020,2026-09-15T12:20:00Z,system,2026-09-15T12:20:00Z,system
30000001-0001-0001-0001-000000000141,REAR-CC-001,Rear Wheel,1,20000001-0001-0001-0001-000000000021,2026-09-15T12:21:00Z,system,2026-09-15T12:21:00Z,system
30000001-0001-0001-0001-000000000142,REAR-CC-002,Rear Brake Disc,1,20000001-0001-0001-0001-000000000021,2026-09-15T12:22:00Z,system,2026-09-15T12:22:00Z,system
30000001-0001-0001-0001-000000000143,REAR-CC-003,Rear Brake Caliper,1,20000001-0001-0001-0001-000000000021,2026-09-15T12:23:00Z,system,2026-09-15T12:23:00Z,system
30000001-0001-0001-0001-000000000144,REAR-CC-004,Swingarm,1,20000001-0001-0001-0001-000000000021,2026-09-15T12:24:00Z,system,2026-09-15T12:24:00Z,system
30000001-0001-0001-0001-000000000145,REAR-CC-005,Rear Shock Absorber,2,20000001-0001-0001-0001-000000000021,2026-09-15T12:25:00Z,system,2026-09-15T12:25:00Z,system
30000001-0001-0001-0001-000000000146,REAR-CC-006,Chain Guard,1,20000001-0001-0001-0001-000000000021,2026-09-15T12:26:00Z,system,2026-09-15T12:26:00Z,system
30000001-0001-0001-0001-000000000147,REAR-CC-007,Rear Fender,1,20000001-0001-0001-0001-000000000021,2026-09-15T12:27:00Z,system,2026-09-15T12:27:00Z,system
30000001-0001-0001-0001-000000000148,FRAME-CC-001,Main Frame,1,20000001-0001-0001-0001-000000000022,2026-09-15T12:28:00Z,system,2026-09-15T12:28:00Z,system
30000001-0001-0001-0001-000000000149,FRAME-CC-002,Subframe,1,20000001-0001-0001-0001-000000000022,2026-09-15T12:29:00Z,system,2026-09-15T12:29:00Z,system
30000001-0001-0001-0001-000000000150,FRAME-CC-003,Steering Stem,1,20000001-0001-0001-0001-000000000022,2026-09-15T12:30:00Z,system,2026-09-15T12:30:00Z,system
30000001-0001-0001-0001-000000000151,FRAME-CC-004,Footrest Assembly,1,20000001-0001-0001-0001-000000000022,2026-09-15T12:31:00Z,system,2026-09-15T12:31:00Z,system
30000001-0001-0001-0001-000000000152,FRAME-CC-005,Side Stand,1,20000001-0001-0001-0001-000000000022,2026-09-15T12:32:00Z,system,2026-09-15T12:32:00Z,system
30000001-0001-0001-0001-000000000153,FRAME-CC-006,Center Stand,1,20000001-0001-0001-0001-000000000022,2026-09-15T12:33:00Z,system,2026-09-15T12:33:00Z,system
30000001-0001-0001-0001-000000000154,FRAME-CC-007,Crash Guard,1,20000001-0001-0001-0001-000000000022,2026-09-15T12:34:00Z,system,2026-09-15T12:34:00Z,system
30000001-0001-0001-0001-000000000155,EXH-CC-001,Exhaust Header,1,20000001-0001-0001-0001-000000000023,2026-09-15T12:35:00Z,system,2026-09-15T12:35:00Z,system
30000001-0001-0001-0001-000000000156,EXH-CC-002,Silencer,1,20000001-0001-0001-0001-000000000023,2026-09-15T12:36:00Z,system,2026-09-15T12:36:00Z,system
30000001-0001-0001-0001-000000000157,EXH-CC-003,Exhaust Heat Shield,1,20000001-0001-0001-0001-000000000023,2026-09-15T12:37:00Z,system,2026-09-15T12:37:00Z,system
30000001-0001-0001-0001-000000000158,EXH-CC-004,Exhaust Mount Bracket,1,20000001-0001-0001-0001-000000000023,2026-09-15T12:38:00Z,system,2026-09-15T12:38:00Z,system
30000001-0001-0001-0001-000000000159,EXH-CC-005,Exhaust Gasket,1,20000001-0001-0001-0001-000000000023,2026-09-15T12:39:00Z,system,2026-09-15T12:39:00Z,system
30000001-0001-0001-0001-000000000160,EXH-CC-006,Exhaust Clamp,1,20000001-0001-0001-0001-000000000023,2026-09-15T12:40:00Z,system,2026-09-15T12:40:00Z,system
30000001-0001-0001-0001-000000000161,EXH-CC-007,Oxygen Sensor,1,20000001-0001-0001-0001-000000000023,2026-09-15T12:41:00Z,system,2026-09-15T12:41:00Z,system
30000001-0001-0001-0001-000000000162,ACC-CC-001,Tool Kit,1,20000001-0001-0001-0001-000000000024,2026-09-15T12:42:00Z,system,2026-09-15T12:42:00Z,system
30000001-0001-0001-0001-000000000163,ACC-CC-002,Rear View Mirror Set,1,20000001-0001-0001-0001-000000000024,2026-09-15T12:43:00Z,system,2026-09-15T12:43:00Z,system
30000001-0001-0001-0001-000000000164,ACC-CC-003,Owner Manual,1,20000001-0001-0001-0001-000000000024,2026-09-15T12:44:00Z,system,2026-09-15T12:44:00Z,system
30000001-0001-0001-0001-000000000165,ACC-CC-004,First Aid Kit,1,20000001-0001-0001-0001-000000000024,2026-09-15T12:45:00Z,system,2026-09-15T12:45:00Z,system
30000001-0001-0001-0001-000000000166,ACC-CC-005,Number Plate Holder,1,20000001-0001-0001-0001-000000000024,2026-09-15T12:46:00Z,system,2026-09-15T12:46:00Z,system
30000001-0001-0001-0001-000000000167,ACC-CC-006,Saree Guard,1,20000001-0001-0001-0001-000000000024,2026-09-15T12:47:00Z,system,2026-09-15T12:47:00Z,system
30000001-0001-0001-0001-000000000168,ACC-CC-007,Protective Cover,1,20000001-0001-0001-0001-000000000024,2026-09-15T12:48:00Z,system,2026-09-15T12:48:00Z,system
30000001-0001-0001-0001-000000000169,ENG-M350-001,Engine Assembly,1,20000001-0001-0001-0001-000000000025,2026-09-15T12:49:00Z,system,2026-09-15T12:49:00Z,system
30000001-0001-0001-0001-000000000170,ENG-M350-002,Cylinder Head,1,20000001-0001-0001-0001-000000000025,2026-09-15T12:50:00Z,system,2026-09-15T12:50:00Z,system
30000001-0001-0001-0001-000000000171,ENG-M350-003,Crankcase,1,20000001-0001-0001-0001-000000000025,2026-09-15T12:51:00Z,system,2026-09-15T12:51:00Z,system
30000001-0001-0001-0001-000000000172,ENG-M350-004,Piston Assembly,1,20000001-0001-0001-0001-000000000025,2026-09-15T12:52:00Z,system,2026-09-15T12:52:00Z,system
30000001-0001-0001-0001-000000000173,ENG-M350-005,Connecting Rod,1,20000001-0001-0001-0001-000000000025,2026-09-15T12:53:00Z,system,2026-09-15T12:53:00Z,system
30000001-0001-0001-0001-000000000174,ENG-M350-006,Clutch Assembly,1,20000001-0001-0001-0001-000000000025,2026-09-15T12:54:00Z,system,2026-09-15T12:54:00Z,system
30000001-0001-0001-0001-000000000175,ENG-M350-007,Gearbox Assembly,1,20000001-0001-0001-0001-000000000025,2026-09-15T12:55:00Z,system,2026-09-15T12:55:00Z,system
30000001-0001-0001-0001-000000000176,FUEL-M350-001,Fuel Tank,1,20000001-0001-0001-0001-000000000026,2026-09-15T12:56:00Z,system,2026-09-15T12:56:00Z,system
30000001-0001-0001-0001-000000000177,FUEL-M350-002,Fuel Pump,1,20000001-0001-0001-0001-000000000026,2026-09-15T12:57:00Z,system,2026-09-15T12:57:00Z,system
30000001-0001-0001-0001-000000000178,FUEL-M350-003,Fuel Injector,1,20000001-0001-0001-0001-000000000026,2026-09-15T12:58:00Z,system,2026-09-15T12:58:00Z,system
30000001-0001-0001-0001-000000000179,FUEL-M350-004,Throttle Body,1,20000001-0001-0001-0001-000000000026,2026-09-15T12:59:00Z,system,2026-09-15T12:59:00Z,system
30000001-0001-0001-0001-000000000180,FUEL-M350-005,Fuel Pipe,2,20000001-0001-0001-0001-000000000026,2026-09-15T13:00:00Z,system,2026-09-15T13:00:00Z,system
30000001-0001-0001-0001-000000000181,FUEL-M350-006,Fuel Filter,1,20000001-0001-0001-0001-000000000026,2026-09-15T13:01:00Z,system,2026-09-15T13:01:00Z,system
30000001-0001-0001-0001-000000000182,FUEL-M350-007,Fuel Tank Cap,1,20000001-0001-0001-0001-000000000026,2026-09-15T13:02:00Z,system,2026-09-15T13:02:00Z,system
30000001-0001-0001-0001-000000000183,ELE-M350-001,Main Wiring Harness,1,20000001-0001-0001-0001-000000000027,2026-09-15T13:03:00Z,system,2026-09-15T13:03:00Z,system
30000001-0001-0001-0001-000000000184,ELE-M350-002,Battery,1,20000001-0001-0001-0001-000000000027,2026-09-15T13:04:00Z,system,2026-09-15T13:04:00Z,system
30000001-0001-0001-0001-000000000185,ELE-M350-003,ECU,1,20000001-0001-0001-0001-000000000027,2026-09-15T13:05:00Z,system,2026-09-15T13:05:00Z,system
30000001-0001-0001-0001-000000000186,ELE-M350-004,Ignition Coil,1,20000001-0001-0001-0001-000000000027,2026-09-15T13:06:00Z,system,2026-09-15T13:06:00Z,system
30000001-0001-0001-0001-000000000187,ELE-M350-005,Starter Motor,1,20000001-0001-0001-0001-000000000027,2026-09-15T13:07:00Z,system,2026-09-15T13:07:00Z,system
30000001-0001-0001-0001-000000000188,ELE-M350-006,Headlamp Assembly,1,20000001-0001-0001-0001-000000000027,2026-09-15T13:08:00Z,system,2026-09-15T13:08:00Z,system
30000001-0001-0001-0001-000000000189,ELE-M350-007,Indicator Set,1,20000001-0001-0001-0001-000000000027,2026-09-15T13:09:00Z,system,2026-09-15T13:09:00Z,system
30000001-0001-0001-0001-000000000190,FRONT-M350-001,Front Fork Assembly,1,20000001-0001-0001-0001-000000000028,2026-09-15T13:10:00Z,system,2026-09-15T13:10:00Z,system
30000001-0001-0001-0001-000000000191,FRONT-M350-002,Handlebar,1,20000001-0001-0001-0001-000000000028,2026-09-15T13:11:00Z,system,2026-09-15T13:11:00Z,system
30000001-0001-0001-0001-000000000192,FRONT-M350-003,Front Wheel,1,20000001-0001-0001-0001-000000000028,2026-09-15T13:12:00Z,system,2026-09-15T13:12:00Z,system
30000001-0001-0001-0001-000000000193,FRONT-M350-004,Front Brake Disc,1,20000001-0001-0001-0001-000000000028,2026-09-15T13:13:00Z,system,2026-09-15T13:13:00Z,system
30000001-0001-0001-0001-000000000194,FRONT-M350-005,Front Brake Caliper,1,20000001-0001-0001-0001-000000000028,2026-09-15T13:14:00Z,system,2026-09-15T13:14:00Z,system
30000001-0001-0001-0001-000000000195,FRONT-M350-006,Headlight Bracket,1,20000001-0001-0001-0001-000000000028,2026-09-15T13:15:00Z,system,2026-09-15T13:15:00Z,system
30000001-0001-0001-0001-000000000196,FRONT-M350-007,Front Fender,1,20000001-0001-0001-0001-000000000028,2026-09-15T13:16:00Z,system,2026-09-15T13:16:00Z,system
30000001-0001-0001-0001-000000000197,REAR-M350-001,Rear Wheel,1,20000001-0001-0001-0001-000000000029,2026-09-15T13:17:00Z,system,2026-09-15T13:17:00Z,system
30000001-0001-0001-0001-000000000198,REAR-M350-002,Rear Brake Disc,1,20000001-0001-0001-0001-000000000029,2026-09-15T13:18:00Z,system,2026-09-15T13:18:00Z,system
30000001-0001-0001-0001-000000000199,REAR-M350-003,Rear Brake Caliper,1,20000001-0001-0001-0001-000000000029,2026-09-15T13:19:00Z,system,2026-09-15T13:19:00Z,system
30000001-0001-0001-0001-000000000200,REAR-M350-004,Swingarm,1,20000001-0001-0001-0001-000000000029,2026-09-15T13:20:00Z,system,2026-09-15T13:20:00Z,system
30000001-0001-0001-0001-000000000201,REAR-M350-005,Rear Shock Absorber,2,20000001-0001-0001-0001-000000000029,2026-09-15T13:21:00Z,system,2026-09-15T13:21:00Z,system
30000001-0001-0001-0001-000000000202,REAR-M350-006,Chain Guard,1,20000001-0001-0001-0001-000000000029,2026-09-15T13:22:00Z,system,2026-09-15T13:22:00Z,system
30000001-0001-0001-0001-000000000203,REAR-M350-007,Rear Fender,1,20000001-0001-0001-0001-000000000029,2026-09-15T13:23:00Z,system,2026-09-15T13:23:00Z,system
30000001-0001-0001-0001-000000000204,FRAME-M350-001,Main Frame,1,20000001-0001-0001-0001-000000000030,2026-09-15T13:24:00Z,system,2026-09-15T13:24:00Z,system
30000001-0001-0001-0001-000000000205,FRAME-M350-002,Subframe,1,20000001-0001-0001-0001-000000000030,2026-09-15T13:25:00Z,system,2026-09-15T13:25:00Z,system
30000001-0001-0001-0001-000000000206,FRAME-M350-003,Steering Stem,1,20000001-0001-0001-0001-000000000030,2026-09-15T13:26:00Z,system,2026-09-15T13:26:00Z,system
30000001-0001-0001-0001-000000000207,FRAME-M350-004,Footrest Assembly,1,20000001-0001-0001-0001-000000000030,2026-09-15T13:27:00Z,system,2026-09-15T13:27:00Z,system
30000001-0001-0001-0001-000000000208,FRAME-M350-005,Side Stand,1,20000001-0001-0001-0001-000000000030,2026-09-15T13:28:00Z,system,2026-09-15T13:28:00Z,system
30000001-0001-0001-0001-000000000209,FRAME-M350-006,Center Stand,1,20000001-0001-0001-0001-000000000030,2026-09-15T13:29:00Z,system,2026-09-15T13:29:00Z,system
30000001-0001-0001-0001-000000000210,FRAME-M350-007,Crash Guard,1,20000001-0001-0001-0001-000000000030,2026-09-15T13:30:00Z,system,2026-09-15T13:30:00Z,system
30000001-0001-0001-0001-000000000211,EXH-M350-001,Exhaust Header,1,20000001-0001-0001-0001-000000000031,2026-09-15T13:31:00Z,system,2026-09-15T13:31:00Z,system
30000001-0001-0001-0001-000000000212,EXH-M350-002,Silencer,1,20000001-0001-0001-0001-000000000031,2026-09-15T13:32:00Z,system,2026-09-15T13:32:00Z,system
30000001-0001-0001-0001-000000000213,EXH-M350-003,Exhaust Heat Shield,1,20000001-0001-0001-0001-000000000031,2026-09-15T13:33:00Z,system,2026-09-15T13:33:00Z,system
30000001-0001-0001-0001-000000000214,EXH-M350-004,Exhaust Mount Bracket,1,20000001-0001-0001-0001-000000000031,2026-09-15T13:34:00Z,system,2026-09-15T13:34:00Z,system
30000001-0001-0001-0001-000000000215,EXH-M350-005,Exhaust Gasket,1,20000001-0001-0001-0001-000000000031,2026-09-15T13:35:00Z,system,2026-09-15T13:35:00Z,system
30000001-0001-0001-0001-000000000216,EXH-M350-006,Exhaust Clamp,1,20000001-0001-0001-0001-000000000031,2026-09-15T13:36:00Z,system,2026-09-15T13:36:00Z,system
30000001-0001-0001-0001-000000000217,EXH-M350-007,Oxygen Sensor,1,20000001-0001-0001-0001-000000000031,2026-09-15T13:37:00Z,system,2026-09-15T13:37:00Z,system
30000001-0001-0001-0001-000000000218,ACC-M350-001,Tool Kit,1,20000001-0001-0001-0001-000000000032,2026-09-15T13:38:00Z,system,2026-09-15T13:38:00Z,system
30000001-0001-0001-0001-000000000219,ACC-M350-002,Rear View Mirror Set,1,20000001-0001-0001-0001-000000000032,2026-09-15T13:39:00Z,system,2026-09-15T13:39:00Z,system
30000001-0001-0001-0001-000000000220,ACC-M350-003,Owner Manual,1,20000001-0001-0001-0001-000000000032,2026-09-15T13:40:00Z,system,2026-09-15T13:40:00Z,system
30000001-0001-0001-0001-000000000221,ACC-M350-004,First Aid Kit,1,20000001-0001-0001-0001-000000000032,2026-09-15T13:41:00Z,system,2026-09-15T13:41:00Z,system
30000001-0001-0001-0001-000000000222,ACC-M350-005,Number Plate Holder,1,20000001-0001-0001-0001-000000000032,2026-09-15T13:42:00Z,system,2026-09-15T13:42:00Z,system
30000001-0001-0001-0001-000000000223,ACC-M350-006,Saree Guard,1,20000001-0001-0001-0001-000000000032,2026-09-15T13:43:00Z,system,2026-09-15T13:43:00Z,system
30000001-0001-0001-0001-000000000224,ACC-M350-007,Protective Cover,1,20000001-0001-0001-0001-000000000032,2026-09-15T13:44:00Z,system,2026-09-15T13:44:00Z,system
30000001-0001-0001-0001-000000000225,ENG-M650-001,Engine Assembly,1,20000001-0001-0001-0001-000000000033,2026-09-15T13:45:00Z,system,2026-09-15T13:45:00Z,system
30000001-0001-0001-0001-000000000226,ENG-M650-002,Cylinder Head,1,20000001-0001-0001-0001-000000000033,2026-09-15T13:46:00Z,system,2026-09-15T13:46:00Z,system
30000001-0001-0001-0001-000000000227,ENG-M650-003,Crankcase,1,20000001-0001-0001-0001-000000000033,2026-09-15T13:47:00Z,system,2026-09-15T13:47:00Z,system
30000001-0001-0001-0001-000000000228,ENG-M650-004,Piston Assembly,1,20000001-0001-0001-0001-000000000033,2026-09-15T13:48:00Z,system,2026-09-15T13:48:00Z,system
30000001-0001-0001-0001-000000000229,ENG-M650-005,Connecting Rod,1,20000001-0001-0001-0001-000000000033,2026-09-15T13:49:00Z,system,2026-09-15T13:49:00Z,system
30000001-0001-0001-0001-000000000230,ENG-M650-006,Clutch Assembly,1,20000001-0001-0001-0001-000000000033,2026-09-15T13:50:00Z,system,2026-09-15T13:50:00Z,system
30000001-0001-0001-0001-000000000231,ENG-M650-007,Gearbox Assembly,1,20000001-0001-0001-0001-000000000033,2026-09-15T13:51:00Z,system,2026-09-15T13:51:00Z,system
30000001-0001-0001-0001-000000000232,FUEL-M650-001,Fuel Tank,1,20000001-0001-0001-0001-000000000034,2026-09-15T13:52:00Z,system,2026-09-15T13:52:00Z,system
30000001-0001-0001-0001-000000000233,FUEL-M650-002,Fuel Pump,1,20000001-0001-0001-0001-000000000034,2026-09-15T13:53:00Z,system,2026-09-15T13:53:00Z,system
30000001-0001-0001-0001-000000000234,FUEL-M650-003,Fuel Injector,1,20000001-0001-0001-0001-000000000034,2026-09-15T13:54:00Z,system,2026-09-15T13:54:00Z,system
30000001-0001-0001-0001-000000000235,FUEL-M650-004,Throttle Body,1,20000001-0001-0001-0001-000000000034,2026-09-15T13:55:00Z,system,2026-09-15T13:55:00Z,system
30000001-0001-0001-0001-000000000236,FUEL-M650-005,Fuel Pipe,2,20000001-0001-0001-0001-000000000034,2026-09-15T13:56:00Z,system,2026-09-15T13:56:00Z,system
30000001-0001-0001-0001-000000000237,FUEL-M650-006,Fuel Filter,1,20000001-0001-0001-0001-000000000034,2026-09-15T13:57:00Z,system,2026-09-15T13:57:00Z,system
30000001-0001-0001-0001-000000000238,FUEL-M650-007,Fuel Tank Cap,1,20000001-0001-0001-0001-000000000034,2026-09-15T13:58:00Z,system,2026-09-15T13:58:00Z,system
30000001-0001-0001-0001-000000000239,ELE-M650-001,Main Wiring Harness,1,20000001-0001-0001-0001-000000000035,2026-09-15T13:59:00Z,system,2026-09-15T13:59:00Z,system
30000001-0001-0001-0001-000000000240,ELE-M650-002,Battery,1,20000001-0001-0001-0001-000000000035,2026-09-15T14:00:00Z,system,2026-09-15T14:00:00Z,system
30000001-0001-0001-0001-000000000241,ELE-M650-003,ECU,1,20000001-0001-0001-0001-000000000035,2026-09-15T14:01:00Z,system,2026-09-15T14:01:00Z,system
30000001-0001-0001-0001-000000000242,ELE-M650-004,Ignition Coil,1,20000001-0001-0001-0001-000000000035,2026-09-15T14:02:00Z,system,2026-09-15T14:02:00Z,system
30000001-0001-0001-0001-000000000243,ELE-M650-005,Starter Motor,1,20000001-0001-0001-0001-000000000035,2026-09-15T14:03:00Z,system,2026-09-15T14:03:00Z,system
30000001-0001-0001-0001-000000000244,ELE-M650-006,Headlamp Assembly,1,20000001-0001-0001-0001-000000000035,2026-09-15T14:04:00Z,system,2026-09-15T14:04:00Z,system
30000001-0001-0001-0001-000000000245,ELE-M650-007,Indicator Set,1,20000001-0001-0001-0001-000000000035,2026-09-15T14:05:00Z,system,2026-09-15T14:05:00Z,system
30000001-0001-0001-0001-000000000246,FRONT-M650-001,Front Fork Assembly,1,20000001-0001-0001-0001-000000000036,2026-09-15T14:06:00Z,system,2026-09-15T14:06:00Z,system
30000001-0001-0001-0001-000000000247,FRONT-M650-002,Handlebar,1,20000001-0001-0001-0001-000000000036,2026-09-15T14:07:00Z,system,2026-09-15T14:07:00Z,system
30000001-0001-0001-0001-000000000248,FRONT-M650-003,Front Wheel,1,20000001-0001-0001-0001-000000000036,2026-09-15T14:08:00Z,system,2026-09-15T14:08:00Z,system
30000001-0001-0001-0001-000000000249,FRONT-M650-004,Front Brake Disc,1,20000001-0001-0001-0001-000000000036,2026-09-15T14:09:00Z,system,2026-09-15T14:09:00Z,system
30000001-0001-0001-0001-000000000250,FRONT-M650-005,Front Brake Caliper,1,20000001-0001-0001-0001-000000000036,2026-09-15T14:10:00Z,system,2026-09-15T14:10:00Z,system
30000001-0001-0001-0001-000000000251,FRONT-M650-006,Headlight Bracket,1,20000001-0001-0001-0001-000000000036,2026-09-15T14:11:00Z,system,2026-09-15T14:11:00Z,system
30000001-0001-0001-0001-000000000252,FRONT-M650-007,Front Fender,1,20000001-0001-0001-0001-000000000036,2026-09-15T14:12:00Z,system,2026-09-15T14:12:00Z,system
30000001-0001-0001-0001-000000000253,REAR-M650-001,Rear Wheel,1,20000001-0001-0001-0001-000000000037,2026-09-15T14:13:00Z,system,2026-09-15T14:13:00Z,system
30000001-0001-0001-0001-000000000254,REAR-M650-002,Rear Brake Disc,1,20000001-0001-0001-0001-000000000037,2026-09-15T14:14:00Z,system,2026-09-15T14:14:00Z,system
30000001-0001-0001-0001-000000000255,REAR-M650-003,Rear Brake Caliper,1,20000001-0001-0001-0001-000000000037,2026-09-15T14:15:00Z,system,2026-09-15T14:15:00Z,system
30000001-0001-0001-0001-000000000256,REAR-M650-004,Swingarm,1,20000001-0001-0001-0001-000000000037,2026-09-15T14:16:00Z,system,2026-09-15T14:16:00Z,system
30000001-0001-0001-0001-000000000257,REAR-M650-005,Rear Shock Absorber,2,20000001-0001-0001-0001-000000000037,2026-09-15T14:17:00Z,system,2026-09-15T14:17:00Z,system
30000001-0001-0001-0001-000000000258,REAR-M650-006,Chain Guard,1,20000001-0001-0001-0001-000000000037,2026-09-15T14:18:00Z,system,2026-09-15T14:18:00Z,system
30000001-0001-0001-0001-000000000259,REAR-M650-007,Rear Fender,1,20000001-0001-0001-0001-000000000037,2026-09-15T14:19:00Z,system,2026-09-15T14:19:00Z,system
30000001-0001-0001-0001-000000000260,FRAME-M650-001,Main Frame,1,20000001-0001-0001-0001-000000000038,2026-09-15T14:20:00Z,system,2026-09-15T14:20:00Z,system
30000001-0001-0001-0001-000000000261,FRAME-M650-002,Subframe,1,20000001-0001-0001-0001-000000000038,2026-09-15T14:21:00Z,system,2026-09-15T14:21:00Z,system
30000001-0001-0001-0001-000000000262,FRAME-M650-003,Steering Stem,1,20000001-0001-0001-0001-000000000038,2026-09-15T14:22:00Z,system,2026-09-15T14:22:00Z,system
30000001-0001-0001-0001-000000000263,FRAME-M650-004,Footrest Assembly,1,20000001-0001-0001-0001-000000000038,2026-09-15T14:23:00Z,system,2026-09-15T14:23:00Z,system
30000001-0001-0001-0001-000000000264,FRAME-M650-005,Side Stand,1,20000001-0001-0001-0001-000000000038,2026-09-15T14:24:00Z,system,2026-09-15T14:24:00Z,system
30000001-0001-0001-0001-000000000265,FRAME-M650-006,Center Stand,1,20000001-0001-0001-0001-000000000038,2026-09-15T14:25:00Z,system,2026-09-15T14:25:00Z,system
30000001-0001-0001-0001-000000000266,FRAME-M650-007,Crash Guard,1,20000001-0001-0001-0001-000000000038,2026-09-15T14:26:00Z,system,2026-09-15T14:26:00Z,system
30000001-0001-0001-0001-000000000267,EXH-M650-001,Exhaust Header,1,20000001-0001-0001-0001-000000000039,2026-09-15T14:27:00Z,system,2026-09-15T14:27:00Z,system
30000001-0001-0001-0001-000000000268,EXH-M650-002,Silencer,1,20000001-0001-0001-0001-000000000039,2026-09-15T14:28:00Z,system,2026-09-15T14:28:00Z,system
30000001-0001-0001-0001-000000000269,EXH-M650-003,Exhaust Heat Shield,1,20000001-0001-0001-0001-000000000039,2026-09-15T14:29:00Z,system,2026-09-15T14:29:00Z,system
30000001-0001-0001-0001-000000000270,EXH-M650-004,Exhaust Mount Bracket,1,20000001-0001-0001-0001-000000000039,2026-09-15T14:30:00Z,system,2026-09-15T14:30:00Z,system
30000001-0001-0001-0001-000000000271,EXH-M650-005,Exhaust Gasket,1,20000001-0001-0001-0001-000000000039,2026-09-15T14:31:00Z,system,2026-09-15T14:31:00Z,system
30000001-0001-0001-0001-000000000272,EXH-M650-006,Exhaust Clamp,1,20000001-0001-0001-0001-000000000039,2026-09-15T14:32:00Z,system,2026-09-15T14:32:00Z,system
30000001-0001-0001-0001-000000000273,EXH-M650-007,Oxygen Sensor,1,20000001-0001-0001-0001-000000000039,2026-09-15T14:33:00Z,system,2026-09-15T14:33:00Z,system
30000001-0001-0001-0001-000000000274,ACC-M650-001,Tool Kit,1,20000001-0001-0001-0001-000000000040,2026-09-15T14:34:00Z,system,2026-09-15T14:34:00Z,system
30000001-0001-0001-0001-000000000275,ACC-M650-002,Rear View Mirror Set,1,20000001-0001-0001-0001-000000000040,2026-09-15T14:35:00Z,system,2026-09-15T14:35:00Z,system
30000001-0001-0001-0001-000000000276,ACC-M650-003,Owner Manual,1,20000001-0001-0001-0001-000000000040,2026-09-15T14:36:00Z,system,2026-09-15T14:36:00Z,system
30000001-0001-0001-0001-000000000277,ACC-M650-004,First Aid Kit,1,20000001-0001-0001-0001-000000000040,2026-09-15T14:37:00Z,system,2026-09-15T14:37:00Z,system
30000001-0001-0001-0001-000000000278,ACC-M650-005,Number Plate Holder,1,20000001-0001-0001-0001-000000000040,2026-09-15T14:38:00Z,system,2026-09-15T14:38:00Z,system
30000001-0001-0001-0001-000000000279,ACC-M650-006,Saree Guard,1,20000001-0001-0001-0001-000000000040,2026-09-15T14:39:00Z,system,2026-09-15T14:39:00Z,system
30000001-0001-0001-0001-000000000280,ACC-M650-007,Protective Cover,1,20000001-0001-0001-0001-000000000040,2026-09-15T14:40:00Z,system,2026-09-15T14:40:00Z,system
30000001-0001-0001-0001-000000000281,ENG-H350-001,Engine Assembly,1,20000001-0001-0001-0001-000000000041,2026-09-15T14:41:00Z,system,2026-09-15T14:41:00Z,system
30000001-0001-0001-0001-000000000282,ENG-H350-002,Cylinder Head,1,20000001-0001-0001-0001-000000000041,2026-09-15T14:42:00Z,system,2026-09-15T14:42:00Z,system
30000001-0001-0001-0001-000000000283,ENG-H350-003,Crankcase,1,20000001-0001-0001-0001-000000000041,2026-09-15T14:43:00Z,system,2026-09-15T14:43:00Z,system
30000001-0001-0001-0001-000000000284,ENG-H350-004,Piston Assembly,1,20000001-0001-0001-0001-000000000041,2026-09-15T14:44:00Z,system,2026-09-15T14:44:00Z,system
30000001-0001-0001-0001-000000000285,ENG-H350-005,Connecting Rod,1,20000001-0001-0001-0001-000000000041,2026-09-15T14:45:00Z,system,2026-09-15T14:45:00Z,system
30000001-0001-0001-0001-000000000286,ENG-H350-006,Clutch Assembly,1,20000001-0001-0001-0001-000000000041,2026-09-15T14:46:00Z,system,2026-09-15T14:46:00Z,system
30000001-0001-0001-0001-000000000287,ENG-H350-007,Gearbox Assembly,1,20000001-0001-0001-0001-000000000041,2026-09-15T14:47:00Z,system,2026-09-15T14:47:00Z,system
30000001-0001-0001-0001-000000000288,FUEL-H350-001,Fuel Tank,1,20000001-0001-0001-0001-000000000042,2026-09-15T14:48:00Z,system,2026-09-15T14:48:00Z,system
30000001-0001-0001-0001-000000000289,FUEL-H350-002,Fuel Pump,1,20000001-0001-0001-0001-000000000042,2026-09-15T14:49:00Z,system,2026-09-15T14:49:00Z,system
30000001-0001-0001-0001-000000000290,FUEL-H350-003,Fuel Injector,1,20000001-0001-0001-0001-000000000042,2026-09-15T14:50:00Z,system,2026-09-15T14:50:00Z,system
30000001-0001-0001-0001-000000000291,FUEL-H350-004,Throttle Body,1,20000001-0001-0001-0001-000000000042,2026-09-15T14:51:00Z,system,2026-09-15T14:51:00Z,system
30000001-0001-0001-0001-000000000292,FUEL-H350-005,Fuel Pipe,2,20000001-0001-0001-0001-000000000042,2026-09-15T14:52:00Z,system,2026-09-15T14:52:00Z,system
30000001-0001-0001-0001-000000000293,FUEL-H350-006,Fuel Filter,1,20000001-0001-0001-0001-000000000042,2026-09-15T14:53:00Z,system,2026-09-15T14:53:00Z,system
30000001-0001-0001-0001-000000000294,FUEL-H350-007,Fuel Tank Cap,1,20000001-0001-0001-0001-000000000042,2026-09-15T14:54:00Z,system,2026-09-15T14:54:00Z,system
30000001-0001-0001-0001-000000000295,ELE-H350-001,Main Wiring Harness,1,20000001-0001-0001-0001-000000000043,2026-09-15T14:55:00Z,system,2026-09-15T14:55:00Z,system
30000001-0001-0001-0001-000000000296,ELE-H350-002,Battery,1,20000001-0001-0001-0001-000000000043,2026-09-15T14:56:00Z,system,2026-09-15T14:56:00Z,system
30000001-0001-0001-0001-000000000297,ELE-H350-003,ECU,1,20000001-0001-0001-0001-000000000043,2026-09-15T14:57:00Z,system,2026-09-15T14:57:00Z,system
30000001-0001-0001-0001-000000000298,ELE-H350-004,Ignition Coil,1,20000001-0001-0001-0001-000000000043,2026-09-15T14:58:00Z,system,2026-09-15T14:58:00Z,system
30000001-0001-0001-0001-000000000299,ELE-H350-005,Starter Motor,1,20000001-0001-0001-0001-000000000043,2026-09-15T14:59:00Z,system,2026-09-15T14:59:00Z,system
30000001-0001-0001-0001-000000000300,ELE-H350-006,Headlamp Assembly,1,20000001-0001-0001-0001-000000000043,2026-09-15T15:00:00Z,system,2026-09-15T15:00:00Z,system
30000001-0001-0001-0001-000000000301,ELE-H350-007,Indicator Set,1,20000001-0001-0001-0001-000000000043,2026-09-15T15:01:00Z,system,2026-09-15T15:01:00Z,system
30000001-0001-0001-0001-000000000302,FRONT-H350-001,Front Fork Assembly,1,20000001-0001-0001-0001-000000000044,2026-09-15T15:02:00Z,system,2026-09-15T15:02:00Z,system
30000001-0001-0001-0001-000000000303,FRONT-H350-002,Handlebar,1,20000001-0001-0001-0001-000000000044,2026-09-15T15:03:00Z,system,2026-09-15T15:03:00Z,system
30000001-0001-0001-0001-000000000304,FRONT-H350-003,Front Wheel,1,20000001-0001-0001-0001-000000000044,2026-09-15T15:04:00Z,system,2026-09-15T15:04:00Z,system
30000001-0001-0001-0001-000000000305,FRONT-H350-004,Front Brake Disc,1,20000001-0001-0001-0001-000000000044,2026-09-15T15:05:00Z,system,2026-09-15T15:05:00Z,system
30000001-0001-0001-0001-000000000306,FRONT-H350-005,Front Brake Caliper,1,20000001-0001-0001-0001-000000000044,2026-09-15T15:06:00Z,system,2026-09-15T15:06:00Z,system
30000001-0001-0001-0001-000000000307,FRONT-H350-006,Headlight Bracket,1,20000001-0001-0001-0001-000000000044,2026-09-15T15:07:00Z,system,2026-09-15T15:07:00Z,system
30000001-0001-0001-0001-000000000308,FRONT-H350-007,Front Fender,1,20000001-0001-0001-0001-000000000044,2026-09-15T15:08:00Z,system,2026-09-15T15:08:00Z,system
30000001-0001-0001-0001-000000000309,REAR-H350-001,Rear Wheel,1,20000001-0001-0001-0001-000000000045,2026-09-15T15:09:00Z,system,2026-09-15T15:09:00Z,system
30000001-0001-0001-0001-000000000310,REAR-H350-002,Rear Brake Disc,1,20000001-0001-0001-0001-000000000045,2026-09-15T15:10:00Z,system,2026-09-15T15:10:00Z,system
30000001-0001-0001-0001-000000000311,REAR-H350-003,Rear Brake Caliper,1,20000001-0001-0001-0001-000000000045,2026-09-15T15:11:00Z,system,2026-09-15T15:11:00Z,system
30000001-0001-0001-0001-000000000312,REAR-H350-004,Swingarm,1,20000001-0001-0001-0001-000000000045,2026-09-15T15:12:00Z,system,2026-09-15T15:12:00Z,system
30000001-0001-0001-0001-000000000313,REAR-H350-005,Rear Shock Absorber,2,20000001-0001-0001-0001-000000000045,2026-09-15T15:13:00Z,system,2026-09-15T15:13:00Z,system
30000001-0001-0001-0001-000000000314,REAR-H350-006,Chain Guard,1,20000001-0001-0001-0001-000000000045,2026-09-15T15:14:00Z,system,2026-09-15T15:14:00Z,system
30000001-0001-0001-0001-000000000315,REAR-H350-007,Rear Fender,1,20000001-0001-0001-0001-000000000045,2026-09-15T15:15:00Z,system,2026-09-15T15:15:00Z,system
30000001-0001-0001-0001-000000000316,FRAME-H350-001,Main Frame,1,20000001-0001-0001-0001-000000000046,2026-09-15T15:16:00Z,system,2026-09-15T15:16:00Z,system
30000001-0001-0001-0001-000000000317,FRAME-H350-002,Subframe,1,20000001-0001-0001-0001-000000000046,2026-09-15T15:17:00Z,system,2026-09-15T15:17:00Z,system
30000001-0001-0001-0001-000000000318,FRAME-H350-003,Steering Stem,1,20000001-0001-0001-0001-000000000046,2026-09-15T15:18:00Z,system,2026-09-15T15:18:00Z,system
30000001-0001-0001-0001-000000000319,FRAME-H350-004,Footrest Assembly,1,20000001-0001-0001-0001-000000000046,2026-09-15T15:19:00Z,system,2026-09-15T15:19:00Z,system
30000001-0001-0001-0001-000000000320,FRAME-H350-005,Side Stand,1,20000001-0001-0001-0001-000000000046,2026-09-15T15:20:00Z,system,2026-09-15T15:20:00Z,system
30000001-0001-0001-0001-000000000321,FRAME-H350-006,Center Stand,1,20000001-0001-0001-0001-000000000046,2026-09-15T15:21:00Z,system,2026-09-15T15:21:00Z,system
30000001-0001-0001-0001-000000000322,FRAME-H350-007,Crash Guard,1,20000001-0001-0001-0001-000000000046,2026-09-15T15:22:00Z,system,2026-09-15T15:22:00Z,system
30000001-0001-0001-0001-000000000323,EXH-H350-001,Exhaust Header,1,20000001-0001-0001-0001-000000000047,2026-09-15T15:23:00Z,system,2026-09-15T15:23:00Z,system
30000001-0001-0001-0001-000000000324,EXH-H350-002,Silencer,1,20000001-0001-0001-0001-000000000047,2026-09-15T15:24:00Z,system,2026-09-15T15:24:00Z,system
30000001-0001-0001-0001-000000000325,EXH-H350-003,Exhaust Heat Shield,1,20000001-0001-0001-0001-000000000047,2026-09-15T15:25:00Z,system,2026-09-15T15:25:00Z,system
30000001-0001-0001-0001-000000000326,EXH-H350-004,Exhaust Mount Bracket,1,20000001-0001-0001-0001-000000000047,2026-09-15T15:26:00Z,system,2026-09-15T15:26:00Z,system
30000001-0001-0001-0001-000000000327,EXH-H350-005,Exhaust Gasket,1,20000001-0001-0001-0001-000000000047,2026-09-15T15:27:00Z,system,2026-09-15T15:27:00Z,system
30000001-0001-0001-0001-000000000328,EXH-H350-006,Exhaust Clamp,1,20000001-0001-0001-0001-000000000047,2026-09-15T15:28:00Z,system,2026-09-15T15:28:00Z,system
30000001-0001-0001-0001-000000000329,EXH-H350-007,Oxygen Sensor,1,20000001-0001-0001-0001-000000000047,2026-09-15T15:29:00Z,system,2026-09-15T15:29:00Z,system
30000001-0001-0001-0001-000000000330,ACC-H350-001,Tool Kit,1,20000001-0001-0001-0001-000000000048,2026-09-15T15:30:00Z,system,2026-09-15T15:30:00Z,system
30000001-0001-0001-0001-000000000331,ACC-H350-002,Rear View Mirror Set,1,20000001-0001-0001-0001-000000000048,2026-09-15T15:31:00Z,system,2026-09-15T15:31:00Z,system
30000001-0001-0001-0001-000000000332,ACC-H350-003,Owner Manual,1,20000001-0001-0001-0001-000000000048,2026-09-15T15:32:00Z,system,2026-09-15T15:32:00Z,system
30000001-0001-0001-0001-000000000333,ACC-H350-004,First Aid Kit,1,20000001-0001-0001-0001-000000000048,2026-09-15T15:33:00Z,system,2026-09-15T15:33:00Z,system
30000001-0001-0001-0001-000000000334,ACC-H350-005,Number Plate Holder,1,20000001-0001-0001-0001-000000000048,2026-09-15T15:34:00Z,system,2026-09-15T15:34:00Z,system
30000001-0001-0001-0001-000000000335,ACC-H350-006,Saree Guard,1,20000001-0001-0001-0001-000000000048,2026-09-15T15:35:00Z,system,2026-09-15T15:35:00Z,system
30000001-0001-0001-0001-000000000336,ACC-H350-007,Protective Cover,1,20000001-0001-0001-0001-000000000048,2026-09-15T15:36:00Z,system,2026-09-15T15:36:00Z,system
30000001-0001-0001-0001-000000000337,ENG-HST-001,Engine Assembly,1,20000001-0001-0001-0001-000000000049,2026-09-15T15:37:00Z,system,2026-09-15T15:37:00Z,system
30000001-0001-0001-0001-000000000338,ENG-HST-002,Cylinder Head,1,20000001-0001-0001-0001-000000000049,2026-09-15T15:38:00Z,system,2026-09-15T15:38:00Z,system
30000001-0001-0001-0001-000000000339,ENG-HST-003,Crankcase,1,20000001-0001-0001-0001-000000000049,2026-09-15T15:39:00Z,system,2026-09-15T15:39:00Z,system
30000001-0001-0001-0001-000000000340,ENG-HST-004,Piston Assembly,1,20000001-0001-0001-0001-000000000049,2026-09-15T15:40:00Z,system,2026-09-15T15:40:00Z,system
30000001-0001-0001-0001-000000000341,ENG-HST-005,Connecting Rod,1,20000001-0001-0001-0001-000000000049,2026-09-15T15:41:00Z,system,2026-09-15T15:41:00Z,system
30000001-0001-0001-0001-000000000342,ENG-HST-006,Clutch Assembly,1,20000001-0001-0001-0001-000000000049,2026-09-15T15:42:00Z,system,2026-09-15T15:42:00Z,system
30000001-0001-0001-0001-000000000343,ENG-HST-007,Gearbox Assembly,1,20000001-0001-0001-0001-000000000049,2026-09-15T15:43:00Z,system,2026-09-15T15:43:00Z,system
30000001-0001-0001-0001-000000000344,FUEL-HST-001,Fuel Tank,1,20000001-0001-0001-0001-000000000050,2026-09-15T15:44:00Z,system,2026-09-15T15:44:00Z,system
30000001-0001-0001-0001-000000000345,FUEL-HST-002,Fuel Pump,1,20000001-0001-0001-0001-000000000050,2026-09-15T15:45:00Z,system,2026-09-15T15:45:00Z,system
30000001-0001-0001-0001-000000000346,FUEL-HST-003,Fuel Injector,1,20000001-0001-0001-0001-000000000050,2026-09-15T15:46:00Z,system,2026-09-15T15:46:00Z,system
30000001-0001-0001-0001-000000000347,FUEL-HST-004,Throttle Body,1,20000001-0001-0001-0001-000000000050,2026-09-15T15:47:00Z,system,2026-09-15T15:47:00Z,system
30000001-0001-0001-0001-000000000348,FUEL-HST-005,Fuel Pipe,2,20000001-0001-0001-0001-000000000050,2026-09-15T15:48:00Z,system,2026-09-15T15:48:00Z,system
30000001-0001-0001-0001-000000000349,FUEL-HST-006,Fuel Filter,1,20000001-0001-0001-0001-000000000050,2026-09-15T15:49:00Z,system,2026-09-15T15:49:00Z,system
30000001-0001-0001-0001-000000000350,FUEL-HST-007,Fuel Tank Cap,1,20000001-0001-0001-0001-000000000050,2026-09-15T15:50:00Z,system,2026-09-15T15:50:00Z,system
30000001-0001-0001-0001-000000000351,ELE-HST-001,Main Wiring Harness,1,20000001-0001-0001-0001-000000000051,2026-09-15T15:51:00Z,system,2026-09-15T15:51:00Z,system
30000001-0001-0001-0001-000000000352,ELE-HST-002,Battery,1,20000001-0001-0001-0001-000000000051,2026-09-15T15:52:00Z,system,2026-09-15T15:52:00Z,system
30000001-0001-0001-0001-000000000353,ELE-HST-003,ECU,1,20000001-0001-0001-0001-000000000051,2026-09-15T15:53:00Z,system,2026-09-15T15:53:00Z,system
30000001-0001-0001-0001-000000000354,ELE-HST-004,Ignition Coil,1,20000001-0001-0001-0001-000000000051,2026-09-15T15:54:00Z,system,2026-09-15T15:54:00Z,system
30000001-0001-0001-0001-000000000355,ELE-HST-005,Starter Motor,1,20000001-0001-0001-0001-000000000051,2026-09-15T15:55:00Z,system,2026-09-15T15:55:00Z,system
30000001-0001-0001-0001-000000000356,ELE-HST-006,Headlamp Assembly,1,20000001-0001-0001-0001-000000000051,2026-09-15T15:56:00Z,system,2026-09-15T15:56:00Z,system
30000001-0001-0001-0001-000000000357,ELE-HST-007,Indicator Set,1,20000001-0001-0001-0001-000000000051,2026-09-15T15:57:00Z,system,2026-09-15T15:57:00Z,system
30000001-0001-0001-0001-000000000358,FRONT-HST-001,Front Fork Assembly,1,20000001-0001-0001-0001-000000000052,2026-09-15T15:58:00Z,system,2026-09-15T15:58:00Z,system
30000001-0001-0001-0001-000000000359,FRONT-HST-002,Handlebar,1,20000001-0001-0001-0001-000000000052,2026-09-15T15:59:00Z,system,2026-09-15T15:59:00Z,system
30000001-0001-0001-0001-000000000360,FRONT-HST-003,Front Wheel,1,20000001-0001-0001-0001-000000000052,2026-09-15T16:00:00Z,system,2026-09-15T16:00:00Z,system
30000001-0001-0001-0001-000000000361,FRONT-HST-004,Front Brake Disc,1,20000001-0001-0001-0001-000000000052,2026-09-15T16:01:00Z,system,2026-09-15T16:01:00Z,system
30000001-0001-0001-0001-000000000362,FRONT-HST-005,Front Brake Caliper,1,20000001-0001-0001-0001-000000000052,2026-09-15T16:02:00Z,system,2026-09-15T16:02:00Z,system
30000001-0001-0001-0001-000000000363,FRONT-HST-006,Headlight Bracket,1,20000001-0001-0001-0001-000000000052,2026-09-15T16:03:00Z,system,2026-09-15T16:03:00Z,system
30000001-0001-0001-0001-000000000364,FRONT-HST-007,Front Fender,1,20000001-0001-0001-0001-000000000052,2026-09-15T16:04:00Z,system,2026-09-15T16:04:00Z,system
30000001-0001-0001-0001-000000000365,REAR-HST-001,Rear Wheel,1,20000001-0001-0001-0001-000000000053,2026-09-15T16:05:00Z,system,2026-09-15T16:05:00Z,system
30000001-0001-0001-0001-000000000366,REAR-HST-002,Rear Brake Disc,1,20000001-0001-0001-0001-000000000053,2026-09-15T16:06:00Z,system,2026-09-15T16:06:00Z,system
30000001-0001-0001-0001-000000000367,REAR-HST-003,Rear Brake Caliper,1,20000001-0001-0001-0001-000000000053,2026-09-15T16:07:00Z,system,2026-09-15T16:07:00Z,system
30000001-0001-0001-0001-000000000368,REAR-HST-004,Swingarm,1,20000001-0001-0001-0001-000000000053,2026-09-15T16:08:00Z,system,2026-09-15T16:08:00Z,system
30000001-0001-0001-0001-000000000369,REAR-HST-005,Rear Shock Absorber,2,20000001-0001-0001-0001-000000000053,2026-09-15T16:09:00Z,system,2026-09-15T16:09:00Z,system
30000001-0001-0001-0001-000000000370,REAR-HST-006,Chain Guard,1,20000001-0001-0001-0001-000000000053,2026-09-15T16:10:00Z,system,2026-09-15T16:10:00Z,system
30000001-0001-0001-0001-000000000371,REAR-HST-007,Rear Fender,1,20000001-0001-0001-0001-000000000053,2026-09-15T16:11:00Z,system,2026-09-15T16:11:00Z,system
30000001-0001-0001-0001-000000000372,FRAME-HST-001,Main Frame,1,20000001-0001-0001-0001-000000000054,2026-09-15T16:12:00Z,system,2026-09-15T16:12:00Z,system
30000001-0001-0001-0001-000000000373,FRAME-HST-002,Subframe,1,20000001-0001-0001-0001-000000000054,2026-09-15T16:13:00Z,system,2026-09-15T16:13:00Z,system
30000001-0001-0001-0001-000000000374,FRAME-HST-003,Steering Stem,1,20000001-0001-0001-0001-000000000054,2026-09-15T16:14:00Z,system,2026-09-15T16:14:00Z,system
30000001-0001-0001-0001-000000000375,FRAME-HST-004,Footrest Assembly,1,20000001-0001-0001-0001-000000000054,2026-09-15T16:15:00Z,system,2026-09-15T16:15:00Z,system
30000001-0001-0001-0001-000000000376,FRAME-HST-005,Side Stand,1,20000001-0001-0001-0001-000000000054,2026-09-15T16:16:00Z,system,2026-09-15T16:16:00Z,system
30000001-0001-0001-0001-000000000377,FRAME-HST-006,Center Stand,1,20000001-0001-0001-0001-000000000054,2026-09-15T16:17:00Z,system,2026-09-15T16:17:00Z,system
30000001-0001-0001-0001-000000000378,FRAME-HST-007,Crash Guard,1,20000001-0001-0001-0001-000000000054,2026-09-15T16:18:00Z,system,2026-09-15T16:18:00Z,system
30000001-0001-0001-0001-000000000379,EXH-HST-001,Exhaust Header,1,20000001-0001-0001-0001-000000000055,2026-09-15T16:19:00Z,system,2026-09-15T16:19:00Z,system
30000001-0001-0001-0001-000000000380,EXH-HST-002,Silencer,1,20000001-0001-0001-0001-000000000055,2026-09-15T16:20:00Z,system,2026-09-15T16:20:00Z,system
30000001-0001-0001-0001-000000000381,EXH-HST-003,Exhaust Heat Shield,1,20000001-0001-0001-0001-000000000055,2026-09-15T16:21:00Z,system,2026-09-15T16:21:00Z,system
30000001-0001-0001-0001-000000000382,EXH-HST-004,Exhaust Mount Bracket,1,20000001-0001-0001-0001-000000000055,2026-09-15T16:22:00Z,system,2026-09-15T16:22:00Z,system
30000001-0001-0001-0001-000000000383,EXH-HST-005,Exhaust Gasket,1,20000001-0001-0001-0001-000000000055,2026-09-15T16:23:00Z,system,2026-09-15T16:23:00Z,system
30000001-0001-0001-0001-000000000384,EXH-HST-006,Exhaust Clamp,1,20000001-0001-0001-0001-000000000055,2026-09-15T16:24:00Z,system,2026-09-15T16:24:00Z,system
30000001-0001-0001-0001-000000000385,EXH-HST-007,Oxygen Sensor,1,20000001-0001-0001-0001-000000000055,2026-09-15T16:25:00Z,system,2026-09-15T16:25:00Z,system
30000001-0001-0001-0001-000000000386,ACC-HST-001,Tool Kit,1,20000001-0001-0001-0001-000000000056,2026-09-15T16:26:00Z,system,2026-09-15T16:26:00Z,system
30000001-0001-0001-0001-000000000387,ACC-HST-002,Rear View Mirror Set,1,20000001-0001-0001-0001-000000000056,2026-09-15T16:27:00Z,system,2026-09-15T16:27:00Z,system
30000001-0001-0001-0001-000000000388,ACC-HST-003,Owner Manual,1,20000001-0001-0001-0001-000000000056,2026-09-15T16:28:00Z,system,2026-09-15T16:28:00Z,system
30000001-0001-0001-0001-000000000389,ACC-HST-004,First Aid Kit,1,20000001-0001-0001-0001-000000000056,2026-09-15T16:29:00Z,system,2026-09-15T16:29:00Z,system
30000001-0001-0001-0001-000000000390,ACC-HST-005,Number Plate Holder,1,20000001-0001-0001-0001-000000000056,2026-09-15T16:30:00Z,system,2026-09-15T16:30:00Z,system
30000001-0001-0001-0001-000000000391,ACC-HST-006,Saree Guard,1,20000001-0001-0001-0001-000000000056,2026-09-15T16:31:00Z,system,2026-09-15T16:31:00Z,system
30000001-0001-0001-0001-000000000392,ACC-HST-007,Protective Cover,1,20000001-0001-0001-0001-000000000056,2026-09-15T16:32:00Z,system,2026-09-15T16:32:00Z,system
30000001-0001-0001-0001-000000000393,ENG-H411-001,Engine Assembly,1,20000001-0001-0001-0001-000000000057,2026-09-15T16:33:00Z,system,2026-09-15T16:33:00Z,system
30000001-0001-0001-0001-000000000394,ENG-H411-002,Cylinder Head,1,20000001-0001-0001-0001-000000000057,2026-09-15T16:34:00Z,system,2026-09-15T16:34:00Z,system
30000001-0001-0001-0001-000000000395,ENG-H411-003,Crankcase,1,20000001-0001-0001-0001-000000000057,2026-09-15T16:35:00Z,system,2026-09-15T16:35:00Z,system
30000001-0001-0001-0001-000000000396,ENG-H411-004,Piston Assembly,1,20000001-0001-0001-0001-000000000057,2026-09-15T16:36:00Z,system,2026-09-15T16:36:00Z,system
30000001-0001-0001-0001-000000000397,ENG-H411-005,Connecting Rod,1,20000001-0001-0001-0001-000000000057,2026-09-15T16:37:00Z,system,2026-09-15T16:37:00Z,system
30000001-0001-0001-0001-000000000398,ENG-H411-006,Clutch Assembly,1,20000001-0001-0001-0001-000000000057,2026-09-15T16:38:00Z,system,2026-09-15T16:38:00Z,system
30000001-0001-0001-0001-000000000399,ENG-H411-007,Gearbox Assembly,1,20000001-0001-0001-0001-000000000057,2026-09-15T16:39:00Z,system,2026-09-15T16:39:00Z,system
30000001-0001-0001-0001-000000000400,FUEL-H411-001,Fuel Tank,1,20000001-0001-0001-0001-000000000058,2026-09-15T16:40:00Z,system,2026-09-15T16:40:00Z,system
30000001-0001-0001-0001-000000000401,FUEL-H411-002,Fuel Pump,1,20000001-0001-0001-0001-000000000058,2026-09-15T16:41:00Z,system,2026-09-15T16:41:00Z,system
30000001-0001-0001-0001-000000000402,FUEL-H411-003,Fuel Injector,1,20000001-0001-0001-0001-000000000058,2026-09-15T16:42:00Z,system,2026-09-15T16:42:00Z,system
30000001-0001-0001-0001-000000000403,FUEL-H411-004,Throttle Body,1,20000001-0001-0001-0001-000000000058,2026-09-15T16:43:00Z,system,2026-09-15T16:43:00Z,system
30000001-0001-0001-0001-000000000404,FUEL-H411-005,Fuel Pipe,2,20000001-0001-0001-0001-000000000058,2026-09-15T16:44:00Z,system,2026-09-15T16:44:00Z,system
30000001-0001-0001-0001-000000000405,FUEL-H411-006,Fuel Filter,1,20000001-0001-0001-0001-000000000058,2026-09-15T16:45:00Z,system,2026-09-15T16:45:00Z,system
30000001-0001-0001-0001-000000000406,FUEL-H411-007,Fuel Tank Cap,1,20000001-0001-0001-0001-000000000058,2026-09-15T16:46:00Z,system,2026-09-15T16:46:00Z,system
30000001-0001-0001-0001-000000000407,ELE-H411-001,Main Wiring Harness,1,20000001-0001-0001-0001-000000000059,2026-09-15T16:47:00Z,system,2026-09-15T16:47:00Z,system
30000001-0001-0001-0001-000000000408,ELE-H411-002,Battery,1,20000001-0001-0001-0001-000000000059,2026-09-15T16:48:00Z,system,2026-09-15T16:48:00Z,system
30000001-0001-0001-0001-000000000409,ELE-H411-003,ECU,1,20000001-0001-0001-0001-000000000059,2026-09-15T16:49:00Z,system,2026-09-15T16:49:00Z,system
30000001-0001-0001-0001-000000000410,ELE-H411-004,Ignition Coil,1,20000001-0001-0001-0001-000000000059,2026-09-15T16:50:00Z,system,2026-09-15T16:50:00Z,system
30000001-0001-0001-0001-000000000411,ELE-H411-005,Starter Motor,1,20000001-0001-0001-0001-000000000059,2026-09-15T16:51:00Z,system,2026-09-15T16:51:00Z,system
30000001-0001-0001-0001-000000000412,ELE-H411-006,Headlamp Assembly,1,20000001-0001-0001-0001-000000000059,2026-09-15T16:52:00Z,system,2026-09-15T16:52:00Z,system
30000001-0001-0001-0001-000000000413,ELE-H411-007,Indicator Set,1,20000001-0001-0001-0001-000000000059,2026-09-15T16:53:00Z,system,2026-09-15T16:53:00Z,system
30000001-0001-0001-0001-000000000414,FRONT-H411-001,Front Fork Assembly,1,20000001-0001-0001-0001-000000000060,2026-09-15T16:54:00Z,system,2026-09-15T16:54:00Z,system
30000001-0001-0001-0001-000000000415,FRONT-H411-002,Handlebar,1,20000001-0001-0001-0001-000000000060,2026-09-15T16:55:00Z,system,2026-09-15T16:55:00Z,system
30000001-0001-0001-0001-000000000416,FRONT-H411-003,Front Wheel,1,20000001-0001-0001-0001-000000000060,2026-09-15T16:56:00Z,system,2026-09-15T16:56:00Z,system
30000001-0001-0001-0001-000000000417,FRONT-H411-004,Front Brake Disc,1,20000001-0001-0001-0001-000000000060,2026-09-15T16:57:00Z,system,2026-09-15T16:57:00Z,system
30000001-0001-0001-0001-000000000418,FRONT-H411-005,Front Brake Caliper,1,20000001-0001-0001-0001-000000000060,2026-09-15T16:58:00Z,system,2026-09-15T16:58:00Z,system
30000001-0001-0001-0001-000000000419,FRONT-H411-006,Headlight Bracket,1,20000001-0001-0001-0001-000000000060,2026-09-15T16:59:00Z,system,2026-09-15T16:59:00Z,system
30000001-0001-0001-0001-000000000420,FRONT-H411-007,Front Fender,1,20000001-0001-0001-0001-000000000060,2026-09-15T17:00:00Z,system,2026-09-15T17:00:00Z,system
30000001-0001-0001-0001-000000000421,REAR-H411-001,Rear Wheel,1,20000001-0001-0001-0001-000000000061,2026-09-15T17:01:00Z,system,2026-09-15T17:01:00Z,system
30000001-0001-0001-0001-000000000422,REAR-H411-002,Rear Brake Disc,1,20000001-0001-0001-0001-000000000061,2026-09-15T17:02:00Z,system,2026-09-15T17:02:00Z,system
30000001-0001-0001-0001-000000000423,REAR-H411-003,Rear Brake Caliper,1,20000001-0001-0001-0001-000000000061,2026-09-15T17:03:00Z,system,2026-09-15T17:03:00Z,system
30000001-0001-0001-0001-000000000424,REAR-H411-004,Swingarm,1,20000001-0001-0001-0001-000000000061,2026-09-15T17:04:00Z,system,2026-09-15T17:04:00Z,system
30000001-0001-0001-0001-000000000425,REAR-H411-005,Rear Shock Absorber,2,20000001-0001-0001-0001-000000000061,2026-09-15T17:05:00Z,system,2026-09-15T17:05:00Z,system
30000001-0001-0001-0001-000000000426,REAR-H411-006,Chain Guard,1,20000001-0001-0001-0001-000000000061,2026-09-15T17:06:00Z,system,2026-09-15T17:06:00Z,system
30000001-0001-0001-0001-000000000427,REAR-H411-007,Rear Fender,1,20000001-0001-0001-0001-000000000061,2026-09-15T17:07:00Z,system,2026-09-15T17:07:00Z,system
30000001-0001-0001-0001-000000000428,FRAME-H411-001,Main Frame,1,20000001-0001-0001-0001-000000000062,2026-09-15T17:08:00Z,system,2026-09-15T17:08:00Z,system
30000001-0001-0001-0001-000000000429,FRAME-H411-002,Subframe,1,20000001-0001-0001-0001-000000000062,2026-09-15T17:09:00Z,system,2026-09-15T17:09:00Z,system
30000001-0001-0001-0001-000000000430,FRAME-H411-003,Steering Stem,1,20000001-0001-0001-0001-000000000062,2026-09-15T17:10:00Z,system,2026-09-15T17:10:00Z,system
30000001-0001-0001-0001-000000000431,FRAME-H411-004,Footrest Assembly,1,20000001-0001-0001-0001-000000000062,2026-09-15T17:11:00Z,system,2026-09-15T17:11:00Z,system
30000001-0001-0001-0001-000000000432,FRAME-H411-005,Side Stand,1,20000001-0001-0001-0001-000000000062,2026-09-15T17:12:00Z,system,2026-09-15T17:12:00Z,system
30000001-0001-0001-0001-000000000433,FRAME-H411-006,Center Stand,1,20000001-0001-0001-0001-000000000062,2026-09-15T17:13:00Z,system,2026-09-15T17:13:00Z,system
30000001-0001-0001-0001-000000000434,FRAME-H411-007,Crash Guard,1,20000001-0001-0001-0001-000000000062,2026-09-15T17:14:00Z,system,2026-09-15T17:14:00Z,system
30000001-0001-0001-0001-000000000435,EXH-H411-001,Exhaust Header,1,20000001-0001-0001-0001-000000000063,2026-09-15T17:15:00Z,system,2026-09-15T17:15:00Z,system
30000001-0001-0001-0001-000000000436,EXH-H411-002,Silencer,1,20000001-0001-0001-0001-000000000063,2026-09-15T17:16:00Z,system,2026-09-15T17:16:00Z,system
30000001-0001-0001-0001-000000000437,EXH-H411-003,Exhaust Heat Shield,1,20000001-0001-0001-0001-000000000063,2026-09-15T17:17:00Z,system,2026-09-15T17:17:00Z,system
30000001-0001-0001-0001-000000000438,EXH-H411-004,Exhaust Mount Bracket,1,20000001-0001-0001-0001-000000000063,2026-09-15T17:18:00Z,system,2026-09-15T17:18:00Z,system
30000001-0001-0001-0001-000000000439,EXH-H411-005,Exhaust Gasket,1,20000001-0001-0001-0001-000000000063,2026-09-15T17:19:00Z,system,2026-09-15T17:19:00Z,system
30000001-0001-0001-0001-000000000440,EXH-H411-006,Exhaust Clamp,1,20000001-0001-0001-0001-000000000063,2026-09-15T17:20:00Z,system,2026-09-15T17:20:00Z,system
30000001-0001-0001-0001-000000000441,EXH-H411-007,Oxygen Sensor,1,20000001-0001-0001-0001-000000000063,2026-09-15T17:21:00Z,system,2026-09-15T17:21:00Z,system
30000001-0001-0001-0001-000000000442,ACC-H411-001,Tool Kit,1,20000001-0001-0001-0001-000000000064,2026-09-15T17:22:00Z,system,2026-09-15T17:22:00Z,system
30000001-0001-0001-0001-000000000443,ACC-H411-002,Rear View Mirror Set,1,20000001-0001-0001-0001-000000000064,2026-09-15T17:23:00Z,system,2026-09-15T17:23:00Z,system
30000001-0001-0001-0001-000000000444,ACC-H411-003,Owner Manual,1,20000001-0001-0001-0001-000000000064,2026-09-15T17:24:00Z,system,2026-09-15T17:24:00Z,system
30000001-0001-0001-0001-000000000445,ACC-H411-004,First Aid Kit,1,20000001-0001-0001-0001-000000000064,2026-09-15T17:25:00Z,system,2026-09-15T17:25:00Z,system
30000001-0001-0001-0001-000000000446,ACC-H411-005,Number Plate Holder,1,20000001-0001-0001-0001-000000000064,2026-09-15T17:26:00Z,system,2026-09-15T17:26:00Z,system
30000001-0001-0001-0001-000000000447,ACC-H411-006,Saree Guard,1,20000001-0001-0001-0001-000000000064,2026-09-15T17:27:00Z,system,2026-09-15T17:27:00Z,system
30000001-0001-0001-0001-000000000448,ACC-H411-007,Protective Cover,1,20000001-0001-0001-0001-000000000064,2026-09-15T17:28:00Z,system,2026-09-15T17:28:00Z,system
30000001-0001-0001-0001-000000000449,ENG-H450-001,Engine Assembly,1,20000001-0001-0001-0001-000000000065,2026-09-15T17:29:00Z,system,2026-09-15T17:29:00Z,system
30000001-0001-0001-0001-000000000450,ENG-H450-002,Cylinder Head,1,20000001-0001-0001-0001-000000000065,2026-09-15T17:30:00Z,system,2026-09-15T17:30:00Z,system
30000001-0001-0001-0001-000000000451,ENG-H450-003,Crankcase,1,20000001-0001-0001-0001-000000000065,2026-09-15T17:31:00Z,system,2026-09-15T17:31:00Z,system
30000001-0001-0001-0001-000000000452,ENG-H450-004,Piston Assembly,1,20000001-0001-0001-0001-000000000065,2026-09-15T17:32:00Z,system,2026-09-15T17:32:00Z,system
30000001-0001-0001-0001-000000000453,ENG-H450-005,Connecting Rod,1,20000001-0001-0001-0001-000000000065,2026-09-15T17:33:00Z,system,2026-09-15T17:33:00Z,system
30000001-0001-0001-0001-000000000454,ENG-H450-006,Clutch Assembly,1,20000001-0001-0001-0001-000000000065,2026-09-15T17:34:00Z,system,2026-09-15T17:34:00Z,system
30000001-0001-0001-0001-000000000455,ENG-H450-007,Gearbox Assembly,1,20000001-0001-0001-0001-000000000065,2026-09-15T17:35:00Z,system,2026-09-15T17:35:00Z,system 
30000001-0001-0001-0001-000000000456,FUEL-H450-001,Fuel Tank,1,20000001-0001-0001-0001-000000000066,2026-09-15T17:36:00Z,system,2026-09-15T17:36:00Z,system
30000001-0001-0001-0001-000000000457,FUEL-H450-002,Fuel Pump,1,20000001-0001-0001-0001-000000000066,2026-09-15T17:37:00Z,system,2026-09-15T17:37:00Z,system
30000001-0001-0001-0001-000000000458,FUEL-H450-003,Fuel Injector,1,20000001-0001-0001-0001-000000000066,2026-09-15T17:38:00Z,system,2026-09-15T17:38:00Z,system
30000001-0001-0001-0001-000000000459,FUEL-H450-004,Throttle Body,1,20000001-0001-0001-0001-000000000066,2026-09-15T17:39:00Z,system,2026-09-15T17:39:00Z,system
30000001-0001-0001-0001-000000000460,FUEL-H450-005,Fuel Pipe,2,20000001-0001-0001-0001-000000000066,2026-09-15T17:40:00Z,system,2026-09-15T17:40:00Z,system
30000001-0001-0001-0001-000000000461,FUEL-H450-006,Fuel Filter,1,20000001-0001-0001-0001-000000000066,2026-09-15T17:41:00Z,system,2026-09-15T17:41:00Z,system
30000001-0001-0001-0001-000000000462,FUEL-H450-007,Fuel Tank Cap,1,20000001-0001-0001-0001-000000000066,2026-09-15T17:42:00Z,system,2026-09-15T17:42:00Z,system
30000001-0001-0001-0001-000000000463,ELE-H450-001,Main Wiring Harness,1,20000001-0001-0001-0001-000000000067,2026-09-15T17:43:00Z,system,2026-09-15T17:43:00Z,system
30000001-0001-0001-0001-000000000464,ELE-H450-002,Battery,1,20000001-0001-0001-0001-000000000067,2026-09-15T17:44:00Z,system,2026-09-15T17:44:00Z,system
30000001-0001-0001-0001-000000000465,ELE-H450-003,ECU,1,20000001-0001-0001-0001-000000000067,2026-09-15T17:45:00Z,system,2026-09-15T17:45:00Z,system
30000001-0001-0001-0001-000000000466,ELE-H450-004,Ignition Coil,1,20000001-0001-0001-0001-000000000067,2026-09-15T17:46:00Z,system,2026-09-15T17:46:00Z,system
30000001-0001-0001-0001-000000000467,ELE-H450-005,Starter Motor,1,20000001-0001-0001-0001-000000000067,2026-09-15T17:47:00Z,system,2026-09-15T17:47:00Z,system
30000001-0001-0001-0001-000000000468,ELE-H450-006,Headlamp Assembly,1,20000001-0001-0001-0001-000000000067,2026-09-15T17:48:00Z,system,2026-09-15T17:48:00Z,system
30000001-0001-0001-0001-000000000469,ELE-H450-007,Indicator Set,1,20000001-0001-0001-0001-000000000067,2026-09-15T17:49:00Z,system,2026-09-15T17:49:00Z,system
30000001-0001-0001-0001-000000000470,FRONT-H450-001,Front Fork Assembly,1,20000001-0001-0001-0001-000000000070,2026-09-15T17:50:00Z,system,2026-09-15T17:50:00Z,system
30000001-0001-0001-0001-000000000471,FRONT-H450-002,Handlebar,1,20000001-0001-0001-0001-000000000070,2026-09-15T17:51:00Z,system,2026-09-15T17:51:00Z,system
30000001-0001-0001-0001-000000000472,FRONT-H450-003,Front Wheel,1,20000001-0001-0001-0001-000000000070,2026-09-15T17:52:00Z,system,2026-09-15T17:52:00Z,system
30000001-0001-0001-0001-000000000473,FRONT-H450-004,Front Brake Disc,1,20000001-0001-0001-0001-000000000070,2026-09-15T17:53:00Z,system,2026-09-15T17:53:00Z,system
30000001-0001-0001-0001-000000000474,FRONT-H450-005,Front Brake Caliper,1,20000001-0001-0001-0001-000000000070,2026-09-15T17:54:00Z,system,2026-09-15T17:54:00Z,system
30000001-0001-0001-0001-000000000475,FRONT-H450-006,Headlight Bracket,1,20000001-0001-0001-0001-000000000070,2026-09-15T17:55:00Z,system,2026-09-15T17:55:00Z,system
30000001-0001-0001-0001-000000000476,FRONT-H450-007,Front Fender,1,20000001-0001-0001-0001-000000000070,2026-09-15T17:56:00Z,system,2026-09-15T17:56:00Z,system
30000001-0001-0001-0001-000000000477,REAR-H450-001,Rear Wheel,1,20000001-0001-0001-0001-000000000071,2026-09-15T17:57:00Z,system,2026-09-15T17:57:00Z,system
30000001-0001-0001-0001-000000000478,REAR-H450-002,Rear Brake Disc,1,20000001-0001-0001-0001-000000000071,2026-09-15T17:58:00Z,system,2026-09-15T17:58:00Z,system
30000001-0001-0001-0001-000000000479,REAR-H450-003,Rear Brake Caliper,1,20000001-0001-0001-0001-000000000071,2026-09-15T17:59:00Z,system,2026-09-15T17:59:00Z,system
30000001-0001-0001-0001-000000000480,REAR-H450-004,Swingarm,1,20000001-0001-0001-0001-000000000071,2026-09-15T18:00:00Z,system,2026-09-15T18:00:00Z,system
30000001-0001-0001-0001-000000000481,REAR-H450-005,Rear Shock Absorber,2,20000001-0001-0001-0001-000000000071,2026-09-15T18:01:00Z,system,2026-09-15T18:01:00Z,system
30000001-0001-0001-0001-000000000482,REAR-H450-006,Chain Guard,1,20000001-0001-0001-0001-000000000071,2026-09-15T18:02:00Z,system,2026-09-15T18:02:00Z,system
30000001-0001-0001-0001-000000000483,REAR-H450-007,Rear Fender,1,20000001-0001-0001-0001-000000000071,2026-09-15T18:03:00Z,system,2026-09-15T18:03:00Z,system
30000001-0001-0001-0001-000000000484,FRAME-H450-001,Main Frame,1,20000001-0001-0001-0001-000000000072,2026-09-15T18:04:00Z,system,2026-09-15T18:04:00Z,system
30000001-0001-0001-0001-000000000485,FRAME-H450-002,Subframe,1,20000001-0001-0001-0001-000000000072,2026-09-15T18:05:00Z,system,2026-09-15T18:05:00Z,system
30000001-0001-0001-0001-000000000486,FRAME-H450-003,Steering Stem,1,20000001-0001-0001-0001-000000000072,2026-09-15T18:06:00Z,system,2026-09-15T18:06:00Z,system
30000001-0001-0001-0001-000000000487,FRAME-H450-004,Footrest Assembly,1,20000001-0001-0001-0001-000000000072,2026-09-15T18:07:00Z,system,2026-09-15T18:07:00Z,system
30000001-0001-0001-0001-000000000488,FRAME-H450-005,Side Stand,1,20000001-0001-0001-0001-000000000072,2026-09-15T18:08:00Z,system,2026-09-15T18:08:00Z,system
30000001-0001-0001-0001-000000000489,FRAME-H450-006,Center Stand,1,20000001-0001-0001-0001-000000000072,2026-09-15T18:09:00Z,system,2026-09-15T18:09:00Z,system
30000001-0001-0001-0001-000000000490,FRAME-H450-007,Crash Guard,1,20000001-0001-0001-0001-000000000072,2026-09-15T18:10:00Z,system,2026-09-15T18:10:00Z,system
30000001-0001-0001-0001-000000000491,EXH-H450-001,Exhaust Header,1,20000001-0001-0001-0001-000000000073,2026-09-15T18:11:00Z,system,2026-09-15T18:11:00Z,system
30000001-0001-0001-0001-000000000492,EXH-H450-002,Silencer,1,20000001-0001-0001-0001-000000000073,2026-09-15T18:12:00Z,system,2026-09-15T18:12:00Z,system
30000001-0001-0001-0001-000000000493,EXH-H450-003,Exhaust Heat Shield,1,20000001-0001-0001-0001-000000000073,2026-09-15T18:13:00Z,system,2026-09-15T18:13:00Z,system
30000001-0001-0001-0001-000000000494,EXH-H450-004,Exhaust Mount Bracket,1,20000001-0001-0001-0001-000000000073,2026-09-15T18:14:00Z,system,2026-09-15T18:14:00Z,system
30000001-0001-0001-0001-000000000495,EXH-H450-005,Exhaust Gasket,1,20000001-0001-0001-0001-000000000073,2026-09-15T18:15:00Z,system,2026-09-15T18:15:00Z,system
30000001-0001-0001-0001-000000000496,EXH-H450-006,Exhaust Clamp,1,20000001-0001-0001-0001-000000000073,2026-09-15T18:16:00Z,system,2026-09-15T18:16:00Z,system
30000001-0001-0001-0001-000000000497,EXH-H450-007,Oxygen Sensor,1,20000001-0001-0001-0001-000000000073,2026-09-15T18:17:00Z,system,2026-09-15T18:17:00Z,system
30000001-0001-0001-0001-000000000498,ACC-H450-001,Tool Kit,1,20000001-0001-0001-0001-000000000074,2026-09-15T18:18:00Z,system,2026-09-15T18:18:00Z,system
30000001-0001-0001-0001-000000000499,ACC-H450-002,Rear View Mirror Set,1,20000001-0001-0001-0001-000000000074,2026-09-15T18:19:00Z,system,2026-09-15T18:19:00Z,system
30000001-0001-0001-0001-000000000500,ACC-H450-003,Owner Manual,1,20000001-0001-0001-0001-000000000074,2026-09-15T18:20:00Z,system,2026-09-15T18:20:00Z,system
30000001-0001-0001-0001-000000000501,ACC-H450-004,First Aid Kit,1,20000001-0001-0001-0001-000000000074,2026-09-15T18:21:00Z,system,2026-09-15T18:21:00Z,system
30000001-0001-0001-0001-000000000502,ACC-H450-005,Number Plate Holder,1,20000001-0001-0001-0001-000000000074,2026-09-15T18:22:00Z,system,2026-09-15T18:22:00Z,system
30000001-0001-0001-0001-000000000503,ACC-H450-006,Saree Guard,1,20000001-0001-0001-0001-000000000074,2026-09-15T18:23:00Z,system,2026-09-15T18:23:00Z,system
30000001-0001-0001-0001-000000000504,ACC-H450-007,Protective Cover,1,20000001-0001-0001-0001-000000000074,2026-09-15T18:24:00Z,system,2026-09-15T18:24:00Z,system
30000001-0001-0001-0001-000000000505,ENG-HADV-001,Engine Assembly,1,20000001-0001-0001-0001-000000000075,2026-09-15T18:25:00Z,system,2026-09-15T18:25:00Z,system
30000001-0001-0001-0001-000000000506,ENG-HADV-002,Cylinder Head,1,20000001-0001-0001-0001-000000000075,2026-09-15T18:26:00Z,system,2026-09-15T18:26:00Z,system
30000001-0001-0001-0001-000000000507,ENG-HADV-003,Crankcase,1,20000001-0001-0001-0001-000000000075,2026-09-15T18:27:00Z,system,2026-09-15T18:27:00Z,system
30000001-0001-0001-0001-000000000508,ENG-HADV-004,Piston Assembly,1,20000001-0001-0001-0001-000000000075,2026-09-15T18:28:00Z,system,2026-09-15T18:28:00Z,system
30000001-0001-0001-0001-000000000509,ENG-HADV-005,Connecting Rod,1,20000001-0001-0001-0001-000000000075,2026-09-15T18:29:00Z,system,2026-09-15T18:29:00Z,system
30000001-0001-0001-0001-000000000510,ENG-HADV-006,Clutch Assembly,1,20000001-0001-0001-0001-000000000075,2026-09-15T18:30:00Z,system,2026-09-15T18:30:00Z,system
30000001-0001-0001-0001-000000000511,ENG-HADV-007,Gearbox Assembly,1,20000001-0001-0001-0001-000000000075,2026-09-15T18:31:00Z,system,2026-09-15T18:31:00Z,system
30000001-0001-0001-0001-000000000512,FUEL-HADV-001,Fuel Tank,1,20000001-0001-0001-0001-000000000076,2026-09-15T18:32:00Z,system,2026-09-15T18:32:00Z,system
30000001-0001-0001-0001-000000000513,FUEL-HADV-002,Fuel Pump,1,20000001-0001-0001-0001-000000000076,2026-09-15T18:33:00Z,system,2026-09-15T18:33:00Z,system
30000001-0001-0001-0001-000000000514,FUEL-HADV-003,Fuel Injector,1,20000001-0001-0001-0001-000000000076,2026-09-15T18:34:00Z,system,2026-09-15T18:34:00Z,system
30000001-0001-0001-0001-000000000515,FUEL-HADV-004,Throttle Body,1,20000001-0001-0001-0001-000000000076,2026-09-15T18:35:00Z,system,2026-09-15T18:35:00Z,system
30000001-0001-0001-0001-000000000516,FUEL-HADV-005,Fuel Pipe,2,20000001-0001-0001-0001-000000000076,2026-09-15T18:36:00Z,system,2026-09-15T18:36:00Z,system
30000001-0001-0001-0001-000000000517,FUEL-HADV-006,Fuel Filter,1,20000001-0001-0001-0001-000000000076,2026-09-15T18:37:00Z,system,2026-09-15T18:37:00Z,system
30000001-0001-0001-0001-000000000518,FUEL-HADV-007,Fuel Tank Cap,1,20000001-0001-0001-0001-000000000076,2026-09-15T18:38:00Z,system,2026-09-15T18:38:00Z,system
30000001-0001-0001-0001-000000000519,ELE-HADV-001,Main Wiring Harness,1,20000001-0001-0001-0001-000000000077,2026-09-15T18:39:00Z,system,2026-09-15T18:39:00Z,system
30000001-0001-0001-0001-000000000520,ELE-HADV-002,Battery,1,20000001-0001-0001-0001-000000000077,2026-09-15T18:40:00Z,system,2026-09-15T18:40:00Z,system
30000001-0001-0001-0001-000000000521,ELE-HADV-003,ECU,1,20000001-0001-0001-0001-000000000077,2026-09-15T18:41:00Z,system,2026-09-15T18:41:00Z,system
30000001-0001-0001-0001-000000000522,ELE-HADV-004,Ignition Coil,1,20000001-0001-0001-0001-000000000077,2026-09-15T18:42:00Z,system,2026-09-15T18:42:00Z,system
30000001-0001-0001-0001-000000000523,ELE-HADV-005,Starter Motor,1,20000001-0001-0001-0001-000000000077,2026-09-15T18:43:00Z,system,2026-09-15T18:43:00Z,system
30000001-0001-0001-0001-000000000524,ELE-HADV-006,Headlamp Assembly,1,20000001-0001-0001-0001-000000000077,2026-09-15T18:44:00Z,system,2026-09-15T18:44:00Z,system
30000001-0001-0001-0001-000000000525,ELE-HADV-007,Indicator Set,1,20000001-0001-0001-0001-000000000077,2026-09-15T18:45:00Z,system,2026-09-15T18:45:00Z,system
30000001-0001-0001-0001-000000000526,FRONT-HADV-001,Front Fork Assembly,1,20000001-0001-0001-0001-000000000078,2026-09-15T18:46:00Z,system,2026-09-15T18:46:00Z,system
30000001-0001-0001-0001-000000000527,FRONT-HADV-002,Handlebar,1,20000001-0001-0001-0001-000000000078,2026-09-15T18:47:00Z,system,2026-09-15T18:47:00Z,system
30000001-0001-0001-0001-000000000528,FRONT-HADV-003,Front Wheel,1,20000001-0001-0001-0001-000000000078,2026-09-15T18:48:00Z,system,2026-09-15T18:48:00Z,system
30000001-0001-0001-0001-000000000529,FRONT-HADV-004,Front Brake Disc,1,20000001-0001-0001-0001-000000000078,2026-09-15T18:49:00Z,system,2026-09-15T18:49:00Z,system
30000001-0001-0001-0001-000000000530,FRONT-HADV-005,Front Brake Caliper,1,20000001-0001-0001-0001-000000000078,2026-09-15T18:50:00Z,system,2026-09-15T18:50:00Z,system
30000001-0001-0001-0001-000000000531,FRONT-HADV-006,Headlight Bracket,1,20000001-0001-0001-0001-000000000078,2026-09-15T18:51:00Z,system,2026-09-15T18:51:00Z,system
30000001-0001-0001-0001-000000000532,FRONT-HADV-007,Front Fender,1,20000001-0001-0001-0001-000000000078,2026-09-15T18:52:00Z,system,2026-09-15T18:52:00Z,system
30000001-0001-0001-0001-000000000533,REAR-HADV-001,Rear Wheel,1,20000001-0001-0001-0001-000000000079,2026-09-15T18:53:00Z,system,2026-09-15T18:53:00Z,system
30000001-0001-0001-0001-000000000534,REAR-HADV-002,Rear Brake Disc,1,20000001-0001-0001-0001-000000000079,2026-09-15T18:54:00Z,system,2026-09-15T18:54:00Z,system
30000001-0001-0001-0001-000000000535,REAR-HADV-003,Rear Brake Caliper,1,20000001-0001-0001-0001-000000000079,2026-09-15T18:55:00Z,system,2026-09-15T18:55:00Z,system
30000001-0001-0001-0001-000000000536,REAR-HADV-004,Swingarm,1,20000001-0001-0001-0001-000000000079,2026-09-15T18:56:00Z,system,2026-09-15T18:56:00Z,system
30000001-0001-0001-0001-000000000537,REAR-HADV-005,Rear Shock Absorber,2,20000001-0001-0001-0001-000000000079,2026-09-15T18:57:00Z,system,2026-09-15T18:57:00Z,system
30000001-0001-0001-0001-000000000538,REAR-HADV-006,Chain Guard,1,20000001-0001-0001-0001-000000000079,2026-09-15T18:58:00Z,system,2026-09-15T18:58:00Z,system
30000001-0001-0001-0001-000000000539,REAR-HADV-007,Rear Fender,1,20000001-0001-0001-0001-000000000079,2026-09-15T18:59:00Z,system,2026-09-15T18:59:00Z,system
30000001-0001-0001-0001-000000000540,FRAME-HADV-001,Main Frame,1,20000001-0001-0001-0001-000000000080,2026-09-15T19:00:00Z,system,2026-09-15T19:00:00Z,system
30000001-0001-0001-0001-000000000541,FRAME-HADV-002,Subframe,1,20000001-0001-0001-0001-000000000080,2026-09-15T19:01:00Z,system,2026-09-15T19:01:00Z,system
30000001-0001-0001-0001-000000000542,FRAME-HADV-003,Steering Stem,1,20000001-0001-0001-0001-000000000080,2026-09-15T19:02:00Z,system,2026-09-15T19:02:00Z,system
30000001-0001-0001-0001-000000000543,FRAME-HADV-004,Footrest Assembly,1,20000001-0001-0001-0001-000000000080,2026-09-15T19:03:00Z,system,2026-09-15T19:03:00Z,system
30000001-0001-0001-0001-000000000544,FRAME-HADV-005,Side Stand,1,20000001-0001-0001-0001-000000000080,2026-09-15T19:04:00Z,system,2026-09-15T19:04:00Z,system
30000001-0001-0001-0001-000000000545,FRAME-HADV-006,Center Stand,1,20000001-0001-0001-0001-000000000080,2026-09-15T19:05:00Z,system,2026-09-15T19:05:00Z,system
30000001-0001-0001-0001-000000000546,FRAME-HADV-007,Crash Guard,1,20000001-0001-0001-0001-000000000080,2026-09-15T19:06:00Z,system,2026-09-15T19:06:00Z,system
30000001-0001-0001-0001-000000000547,EXH-HADV-001,Exhaust Header,1,20000001-0001-0001-0001-000000000081,2026-09-15T19:07:00Z,system,2026-09-15T19:07:00Z,system
30000001-0001-0001-0001-000000000548,EXH-HADV-002,Silencer,1,20000001-0001-0001-0001-000000000081,2026-09-15T19:08:00Z,system,2026-09-15T19:08:00Z,system
30000001-0001-0001-0001-000000000549,EXH-HADV-003,Exhaust Heat Shield,1,20000001-0001-0001-0001-000000000081,2026-09-15T19:09:00Z,system,2026-09-15T19:09:00Z,system
30000001-0001-0001-0001-000000000550,EXH-HADV-004,Exhaust Mount Bracket,1,20000001-0001-0001-0001-000000000081,2026-09-15T19:10:00Z,system,2026-09-15T19:10:00Z,system
30000001-0001-0001-0001-000000000551,EXH-HADV-005,Exhaust Gasket,1,20000001-0001-0001-0001-000000000081,2026-09-15T19:11:00Z,system,2026-09-15T19:11:00Z,system
30000001-0001-0001-0001-000000000552,EXH-HADV-006,Exhaust Clamp,1,20000001-0001-0001-0001-000000000081,2026-09-15T19:12:00Z,system,2026-09-15T19:12:00Z,system
30000001-0001-0001-0001-000000000553,EXH-HADV-007,Oxygen Sensor,1,20000001-0001-0001-0001-000000000081,2026-09-15T19:13:00Z,system,2026-09-15T19:13:00Z,system
30000001-0001-0001-0001-000000000554,ACC-HADV-001,Tool Kit,1,20000001-0001-0001-0001-000000000082,2026-09-15T19:14:00Z,system,2026-09-15T19:14:00Z,system
30000001-0001-0001-0001-000000000555,ACC-HADV-002,Rear View Mirror Set,1,20000001-0001-0001-0001-000000000082,2026-09-15T19:15:00Z,system,2026-09-15T19:15:00Z,system
30000001-0001-0001-0001-000000000556,ACC-HADV-003,Owner Manual,1,20000001-0001-0001-0001-000000000082,2026-09-15T19:16:00Z,system,2026-09-15T19:16:00Z,system
30000001-0001-0001-0001-000000000557,ACC-HADV-004,First Aid Kit,1,20000001-0001-0001-0001-000000000082,2026-09-15T19:17:00Z,system,2026-09-15T19:17:00Z,system
30000001-0001-0001-0001-000000000558,ACC-HADV-005,Number Plate Holder,1,20000001-0001-0001-0001-000000000082,2026-09-15T19:18:00Z,system,2026-09-15T19:18:00Z,system
30000001-0001-0001-0001-000000000559,ACC-HADV-006,Saree Guard,1,20000001-0001-0001-0001-000000000082,2026-09-15T19:19:00Z,system,2026-09-15T19:19:00Z,system
30000001-0001-0001-0001-000000000560,ACC-HADV-007,Protective Cover,1,20000001-0001-0001-0001-000000000082,2026-09-15T19:20:00Z,system,2026-09-15T19:20:00Z,system
30000001-0001-0001-0001-000000000561,ENG-I650-001,Engine Assembly,1,20000001-0001-0001-0001-000000000083,2026-09-15T19:21:00Z,system,2026-09-15T19:21:00Z,system
30000001-0001-0001-0001-000000000562,ENG-I650-002,Cylinder Head,1,20000001-0001-0001-0001-000000000083,2026-09-15T19:22:00Z,system,2026-09-15T19:22:00Z,system
30000001-0001-0001-0001-000000000563,ENG-I650-003,Crankcase,1,20000001-0001-0001-0001-000000000083,2026-09-15T19:23:00Z,system,2026-09-15T19:23:00Z,system
30000001-0001-0001-0001-000000000564,ENG-I650-004,Piston Assembly,1,20000001-0001-0001-0001-000000000083,2026-09-15T19:24:00Z,system,2026-09-15T19:24:00Z,system
30000001-0001-0001-0001-000000000565,ENG-I650-005,Connecting Rod,1,20000001-0001-0001-0001-000000000083,2026-09-15T19:25:00Z,system,2026-09-15T19:25:00Z,system
30000001-0001-0001-0001-000000000566,ENG-I650-006,Clutch Assembly,1,20000001-0001-0001-0001-000000000083,2026-09-15T19:26:00Z,system,2026-09-15T19:26:00Z,system
30000001-0001-0001-0001-000000000567,ENG-I650-007,Gearbox Assembly,1,20000001-0001-0001-0001-000000000083,2026-09-15T19:27:00Z,system,2026-09-15T19:27:00Z,system
30000001-0001-0001-0001-000000000568,FUEL-I650-001,Fuel Tank,1,20000001-0001-0001-0001-000000000084,2026-09-15T19:28:00Z,system,2026-09-15T19:28:00Z,system
30000001-0001-0001-0001-000000000569,FUEL-I650-002,Fuel Pump,1,20000001-0001-0001-0001-000000000084,2026-09-15T19:29:00Z,system,2026-09-15T19:29:00Z,system
30000001-0001-0001-0001-000000000570,FUEL-I650-003,Fuel Injector,1,20000001-0001-0001-0001-000000000084,2026-09-15T19:30:00Z,system,2026-09-15T19:30:00Z,system
30000001-0001-0001-0001-000000000571,FUEL-I650-004,Throttle Body,1,20000001-0001-0001-0001-000000000084,2026-09-15T19:31:00Z,system,2026-09-15T19:31:00Z,system
30000001-0001-0001-0001-000000000572,FUEL-I650-005,Fuel Pipe,2,20000001-0001-0001-0001-000000000084,2026-09-15T19:32:00Z,system,2026-09-15T19:32:00Z,system
30000001-0001-0001-0001-000000000573,FUEL-I650-006,Fuel Filter,1,20000001-0001-0001-0001-000000000084,2026-09-15T19:33:00Z,system,2026-09-15T19:33:00Z,system
30000001-0001-0001-0001-000000000574,FUEL-I650-007,Fuel Tank Cap,1,20000001-0001-0001-0001-000000000084,2026-09-15T19:34:00Z,system,2026-09-15T19:34:00Z,system
30000001-0001-0001-0001-000000000575,ELE-I650-001,Main Wiring Harness,1,20000001-0001-0001-0001-000000000085,2026-09-15T19:35:00Z,system,2026-09-15T19:35:00Z,system
30000001-0001-0001-0001-000000000576,ELE-I650-002,Battery,1,20000001-0001-0001-0001-000000000085,2026-09-15T19:36:00Z,system,2026-09-15T19:36:00Z,system
30000001-0001-0001-0001-000000000577,ELE-I650-003,ECU,1,20000001-0001-0001-0001-000000000085,2026-09-15T19:37:00Z,system,2026-09-15T19:37:00Z,system
30000001-0001-0001-0001-000000000578,ELE-I650-004,Ignition Coil,1,20000001-0001-0001-0001-000000000085,2026-09-15T19:38:00Z,system,2026-09-15T19:38:00Z,system
30000001-0001-0001-0001-000000000579,ELE-I650-005,Starter Motor,1,20000001-0001-0001-0001-000000000085,2026-09-15T19:39:00Z,system,2026-09-15T19:39:00Z,system
30000001-0001-0001-0001-000000000580,ELE-I650-006,Headlamp Assembly,1,20000001-0001-0001-0001-000000000085,2026-09-15T19:40:00Z,system,2026-09-15T19:40:00Z,system
30000001-0001-0001-0001-000000000581,ELE-I650-007,Indicator Set,1,20000001-0001-0001-0001-000000000085,2026-09-15T19:41:00Z,system,2026-09-15T19:41:00Z,system
30000001-0001-0001-0001-000000000582,FRONT-I650-001,Front Fork Assembly,1,20000001-0001-0001-0001-000000000086,2026-09-15T19:42:00Z,system,2026-09-15T19:42:00Z,system
30000001-0001-0001-0001-000000000583,FRONT-I650-002,Handlebar,1,20000001-0001-0001-0001-000000000086,2026-09-15T19:43:00Z,system,2026-09-15T19:43:00Z,system
30000001-0001-0001-0001-000000000584,FRONT-I650-003,Front Wheel,1,20000001-0001-0001-0001-000000000086,2026-09-15T19:44:00Z,system,2026-09-15T19:44:00Z,system
30000001-0001-0001-0001-000000000585,FRONT-I650-004,Front Brake Disc,1,20000001-0001-0001-0001-000000000086,2026-09-15T19:45:00Z,system,2026-09-15T19:45:00Z,system
30000001-0001-0001-0001-000000000586,FRONT-I650-005,Front Brake Caliper,1,20000001-0001-0001-0001-000000000086,2026-09-15T19:46:00Z,system,2026-09-15T19:46:00Z,system
30000001-0001-0001-0001-000000000587,FRONT-I650-006,Headlight Bracket,1,20000001-0001-0001-0001-000000000086,2026-09-15T19:47:00Z,system,2026-09-15T19:47:00Z,system
30000001-0001-0001-0001-000000000588,FRONT-I650-007,Front Fender,1,20000001-0001-0001-0001-000000000086,2026-09-15T19:48:00Z,system,2026-09-15T19:48:00Z,system
30000001-0001-0001-0001-000000000589,REAR-I650-001,Rear Wheel,1,20000001-0001-0001-0001-000000000087,2026-09-15T19:49:00Z,system,2026-09-15T19:49:00Z,system
30000001-0001-0001-0001-000000000590,REAR-I650-002,Rear Brake Disc,1,20000001-0001-0001-0001-000000000087,2026-09-15T19:50:00Z,system,2026-09-15T19:50:00Z,system
30000001-0001-0001-0001-000000000591,REAR-I650-003,Rear Brake Caliper,1,20000001-0001-0001-0001-000000000087,2026-09-15T19:51:00Z,system,2026-09-15T19:51:00Z,system
30000001-0001-0001-0001-000000000592,REAR-I650-004,Swingarm,1,20000001-0001-0001-0001-000000000087,2026-09-15T19:52:00Z,system,2026-09-15T19:52:00Z,system
30000001-0001-0001-0001-000000000593,REAR-I650-005,Rear Shock Absorber,2,20000001-0001-0001-0001-000000000087,2026-09-15T19:53:00Z,system,2026-09-15T19:53:00Z,system
30000001-0001-0001-0001-000000000594,REAR-I650-006,Chain Guard,1,20000001-0001-0001-0001-000000000087,2026-09-15T19:54:00Z,system,2026-09-15T19:54:00Z,system
30000001-0001-0001-0001-000000000595,REAR-I650-007,Rear Fender,1,20000001-0001-0001-0001-000000000087,2026-09-15T19:55:00Z,system,2026-09-15T19:55:00Z,system
30000001-0001-0001-0001-000000000596,FRAME-I650-001,Main Frame,1,20000001-0001-0001-0001-000000000088,2026-09-15T19:56:00Z,system,2026-09-15T19:56:00Z,system
30000001-0001-0001-0001-000000000597,FRAME-I650-002,Subframe,1,20000001-0001-0001-0001-000000000088,2026-09-15T19:57:00Z,system,2026-09-15T19:57:00Z,system
30000001-0001-0001-0001-000000000598,FRAME-I650-003,Steering Stem,1,20000001-0001-0001-0001-000000000088,2026-09-15T19:58:00Z,system,2026-09-15T19:58:00Z,system
30000001-0001-0001-0001-000000000599,FRAME-I650-004,Footrest Assembly,1,20000001-0001-0001-0001-000000000088,2026-09-15T19:59:00Z,system,2026-09-15T19:59:00Z,system
30000001-0001-0001-0001-000000000600,FRAME-I650-005,Side Stand,1,20000001-0001-0001-0001-000000000088,2026-09-15T20:00:00Z,system,2026-09-15T20:00:00Z,system
30000001-0001-0001-0001-000000000601,FRAME-I650-006,Center Stand,1,20000001-0001-0001-0001-000000000088,2026-09-15T20:01:00Z,system,2026-09-15T20:01:00Z,system
30000001-0001-0001-0001-000000000602,FRAME-I650-007,Crash Guard,1,20000001-0001-0001-0001-000000000088,2026-09-15T20:02:00Z,system,2026-09-15T20:02:00Z,system
30000001-0001-0001-0001-000000000603,EXH-I650-001,Exhaust Header,1,20000001-0001-0001-0001-000000000089,2026-09-15T20:03:00Z,system,2026-09-15T20:03:00Z,system
30000001-0001-0001-0001-000000000604,EXH-I650-002,Silencer,1,20000001-0001-0001-0001-000000000089,2026-09-15T20:04:00Z,system,2026-09-15T20:04:00Z,system
30000001-0001-0001-0001-000000000605,EXH-I650-003,Exhaust Heat Shield,1,20000001-0001-0001-0001-000000000089,2026-09-15T20:05:00Z,system,2026-09-15T20:05:00Z,system
30000001-0001-0001-0001-000000000606,EXH-I650-004,Exhaust Mount Bracket,1,20000001-0001-0001-0001-000000000089,2026-09-15T20:06:00Z,system,2026-09-15T20:06:00Z,system
30000001-0001-0001-0001-000000000607,EXH-I650-005,Exhaust Gasket,1,20000001-0001-0001-0001-000000000089,2026-09-15T20:07:00Z,system,2026-09-15T20:07:00Z,system
30000001-0001-0001-0001-000000000608,EXH-I650-006,Exhaust Clamp,1,20000001-0001-0001-0001-000000000089,2026-09-15T20:08:00Z,system,2026-09-15T20:08:00Z,system
30000001-0001-0001-0001-000000000609,EXH-I650-007,Oxygen Sensor,1,20000001-0001-0001-0001-000000000089,2026-09-15T20:09:00Z,system,2026-09-15T20:09:00Z,system  
30000001-0001-0001-0001-000000000610,ACC-I650-001,Tool Kit,1,20000001-0001-0001-0001-000000000090,2026-09-15T20:10:00Z,system,2026-09-15T20:10:00Z,system
30000001-0001-0001-0001-000000000611,ACC-I650-002,Rear View Mirror Set,1,20000001-0001-0001-0001-000000000090,2026-09-15T20:11:00Z,system,2026-09-15T20:11:00Z,system
30000001-0001-0001-0001-000000000612,ACC-I650-003,Owner Manual,1,20000001-0001-0001-0001-000000000090,2026-09-15T20:12:00Z,system,2026-09-15T20:12:00Z,system
30000001-0001-0001-0001-000000000613,ACC-I650-004,First Aid Kit,1,20000001-0001-0001-0001-000000000090,2026-09-15T20:13:00Z,system,2026-09-15T20:13:00Z,system
30000001-0001-0001-0001-000000000614,ACC-I650-005,Number Plate Holder,1,20000001-0001-0001-0001-000000000090,2026-09-15T20:14:00Z,system,2026-09-15T20:14:00Z,system
30000001-0001-0001-0001-000000000615,ACC-I650-006,Saree Guard,1,20000001-0001-0001-0001-000000000090,2026-09-15T20:15:00Z,system,2026-09-15T20:15:00Z,system
30000001-0001-0001-0001-000000000616,ACC-I650-007,Protective Cover,1,20000001-0001-0001-0001-000000000090,2026-09-15T20:16:00Z,system,2026-09-15T20:16:00Z,system
30000001-0001-0001-0001-000000000617,ENG-ICHR-001,Engine Assembly,1,20000001-0001-0001-0001-000000000091,2026-09-15T20:17:00Z,system,2026-09-15T20:17:00Z,system
30000001-0001-0001-0001-000000000618,ENG-ICHR-002,Cylinder Head,1,20000001-0001-0001-0001-000000000091,2026-09-15T20:18:00Z,system,2026-09-15T20:18:00Z,system
30000001-0001-0001-0001-000000000619,ENG-ICHR-003,Crankcase,1,20000001-0001-0001-0001-000000000091,2026-09-15T20:19:00Z,system,2026-09-15T20:19:00Z,system
30000001-0001-0001-0001-000000000620,ENG-ICHR-004,Piston Assembly,1,20000001-0001-0001-0001-000000000091,2026-09-15T20:20:00Z,system,2026-09-15T20:20:00Z,system
30000001-0001-0001-0001-000000000621,ENG-ICHR-005,Connecting Rod,1,20000001-0001-0001-0001-000000000091,2026-09-15T20:21:00Z,system,2026-09-15T20:21:00Z,system
30000001-0001-0001-0001-000000000622,ENG-ICHR-006,Clutch Assembly,1,20000001-0001-0001-0001-000000000091,2026-09-15T20:22:00Z,system,2026-09-15T20:22:00Z,system
30000001-0001-0001-0001-000000000623,ENG-ICHR-007,Gearbox Assembly,1,20000001-0001-0001-0001-000000000091,2026-09-15T20:23:00Z,system,2026-09-15T20:23:00Z,system
30000001-0001-0001-0001-000000000624,FUEL-ICHR-001,Fuel Tank,1,20000001-0001-0001-0001-000000000092,2026-09-15T20:24:00Z,system,2026-09-15T20:24:00Z,system
30000001-0001-0001-0001-000000000625,FUEL-ICHR-002,Fuel Pump,1,20000001-0001-0001-0001-000000000092,2026-09-15T20:25:00Z,system,2026-09-15T20:25:00Z,system
30000001-0001-0001-0001-000000000626,FUEL-ICHR-003,Fuel Injector,1,20000001-0001-0001-0001-000000000092,2026-09-15T20:26:00Z,system,2026-09-15T20:26:00Z,system
30000001-0001-0001-0001-000000000627,FUEL-ICHR-004,Throttle Body,1,20000001-0001-0001-0001-000000000092,2026-09-15T20:27:00Z,system,2026-09-15T20:27:00Z,system
30000001-0001-0001-0001-000000000628,FUEL-ICHR-005,Fuel Pipe,2,20000001-0001-0001-0001-000000000092,2026-09-15T20:28:00Z,system,2026-09-15T20:28:00Z,system
30000001-0001-0001-0001-000000000629,FUEL-ICHR-006,Fuel Filter,1,20000001-0001-0001-0001-000000000092,2026-09-15T20:29:00Z,system,2026-09-15T20:29:00Z,system
30000001-0001-0001-0001-000000000630,FUEL-ICHR-007,Fuel Tank Cap,1,20000001-0001-0001-0001-000000000092,2026-09-15T20:30:00Z,system,2026-09-15T20:30:00Z,system
30000001-0001-0001-0001-000000000631,ELE-ICHR-001,Main Wiring Harness,1,20000001-0001-0001-0001-000000000093,2026-09-15T20:31:00Z,system,2026-09-15T20:31:00Z,system
30000001-0001-0001-0001-000000000632,ELE-ICHR-002,Battery,1,20000001-0001-0001-0001-000000000093,2026-09-15T20:32:00Z,system,2026-09-15T20:32:00Z,system
30000001-0001-0001-0001-000000000633,ELE-ICHR-003,ECU,1,20000001-0001-0001-0001-000000000093,2026-09-15T20:33:00Z,system,2026-09-15T20:33:00Z,system
30000001-0001-0001-0001-000000000634,ELE-ICHR-004,Ignition Coil,1,20000001-0001-0001-0001-000000000093,2026-09-15T20:34:00Z,system,2026-09-15T20:34:00Z,system
30000001-0001-0001-0001-000000000635,ELE-ICHR-005,Starter Motor,1,20000001-0001-0001-0001-000000000093,2026-09-15T20:35:00Z,system,2026-09-15T20:35:00Z,system
30000001-0001-0001-0001-000000000636,ELE-ICHR-006,Headlamp Assembly,1,20000001-0001-0001-0001-000000000093,2026-09-15T20:36:00Z,system,2026-09-15T20:36:00Z,system
30000001-0001-0001-0001-000000000637,ELE-ICHR-007,Indicator Set,1,20000001-0001-0001-0001-000000000093,2026-09-15T20:37:00Z,system,2026-09-15T20:37:00Z,system
30000001-0001-0001-0001-000000000638,FRONT-ICHR-001,Front Fork Assembly,1,20000001-0001-0001-0001-000000000094,2026-09-15T20:38:00Z,system,2026-09-15T20:38:00Z,system
30000001-0001-0001-0001-000000000639,FRONT-ICHR-002,Handlebar,1,20000001-0001-0001-0001-000000000094,2026-09-15T20:39:00Z,system,2026-09-15T20:39:00Z,system
30000001-0001-0001-0001-000000000640,FRONT-ICHR-003,Front Wheel,1,20000001-0001-0001-0001-000000000094,2026-09-15T20:40:00Z,system,2026-09-15T20:40:00Z,system
30000001-0001-0001-0001-000000000641,FRONT-ICHR-004,Front Brake Disc,1,20000001-0001-0001-0001-000000000094,2026-09-15T20:41:00Z,system,2026-09-15T20:41:00Z,system
30000001-0001-0001-0001-000000000642,FRONT-ICHR-005,Front Brake Caliper,1,20000001-0001-0001-0001-000000000094,2026-09-15T20:42:00Z,system,2026-09-15T20:42:00Z,system
30000001-0001-0001-0001-000000000643,FRONT-ICHR-006,Headlight Bracket,1,20000001-0001-0001-0001-000000000094,2026-09-15T20:43:00Z,system,2026-09-15T20:43:00Z,system
30000001-0001-0001-0001-000000000644,FRONT-ICHR-007,Front Fender,1,20000001-0001-0001-0001-000000000094,2026-09-15T20:44:00Z,system,2026-09-15T20:44:00Z,system
30000001-0001-0001-0001-000000000645,REAR-ICHR-001,Rear Wheel,1,20000001-0001-0001-0001-000000000095,2026-09-15T20:45:00Z,system,2026-09-15T20:45:00Z,system
30000001-0001-0001-0001-000000000646,REAR-ICHR-002,Rear Brake Disc,1,20000001-0001-0001-0001-000000000095,2026-09-15T20:46:00Z,system,2026-09-15T20:46:00Z,system
30000001-0001-0001-0001-000000000647,REAR-ICHR-003,Rear Brake Caliper,1,20000001-0001-0001-0001-000000000095,2026-09-15T20:47:00Z,system,2026-09-15T20:47:00Z,system
30000001-0001-0001-0001-000000000648,REAR-ICHR-004,Swingarm,1,20000001-0001-0001-0001-000000000095,2026-09-15T20:48:00Z,system,2026-09-15T20:48:00Z,system
30000001-0001-0001-0001-000000000649,REAR-ICHR-005,Rear Shock Absorber,2,20000001-0001-0001-0001-000000000095,2026-09-15T20:49:00Z,system,2026-09-15T20:49:00Z,system
30000001-0001-0001-0001-000000000650,REAR-ICHR-006,Chain Guard,1,20000001-0001-0001-0001-000000000095,2026-09-15T20:50:00Z,system,2026-09-15T20:50:00Z,system
30000001-0001-0001-0001-000000000651,REAR-ICHR-007,Rear Fender,1,20000001-0001-0001-0001-000000000095,2026-09-15T20:51:00Z,system,2026-09-15T20:51:00Z,system
30000001-0001-0001-0001-000000000652,FRAME-ICHR-001,Main Frame,1,20000001-0001-0001-0001-000000000096,2026-09-15T20:52:00Z,system,2026-09-15T20:52:00Z,system
30000001-0001-0001-0001-000000000653,FRAME-ICHR-002,Subframe,1,20000001-0001-0001-0001-000000000096,2026-09-15T20:53:00Z,system,2026-09-15T20:53:00Z,system
30000001-0001-0001-0001-000000000654,FRAME-ICHR-003,Steering Stem,1,20000001-0001-0001-0001-000000000096,2026-09-15T20:54:00Z,system,2026-09-15T20:54:00Z,system
30000001-0001-0001-0001-000000000655,FRAME-ICHR-004,Footrest Assembly,1,20000001-0001-0001-0001-000000000096,2026-09-15T20:55:00Z,system,2026-09-15T20:55:00Z,system
30000001-0001-0001-0001-000000000656,FRAME-ICHR-005,Side Stand,1,20000001-0001-0001-0001-000000000096,2026-09-15T20:56:00Z,system,2026-09-15T20:56:00Z,system
30000001-0001-0001-0001-000000000657,FRAME-ICHR-006,Center Stand,1,20000001-0001-0001-0001-000000000096,2026-09-15T20:57:00Z,system,2026-09-15T20:57:00Z,system
30000001-0001-0001-0001-000000000658,FRAME-ICHR-007,Crash Guard,1,20000001-0001-0001-0001-000000000096,2026-09-15T20:58:00Z,system,2026-09-15T20:58:00Z,system
30000001-0001-0001-0001-000000000659,EXH-ICHR-001,Exhaust Header,1,20000001-0001-0001-0001-000000000097,2026-09-15T20:59:00Z,system,2026-09-15T20:59:00Z,system
30000001-0001-0001-0001-000000000660,EXH-ICHR-002,Silencer,1,20000001-0001-0001-0001-000000000097,2026-09-15T21:00:00Z,system,2026-09-15T21:00:00Z,system
30000001-0001-0001-0001-000000000661,EXH-ICHR-003,Exhaust Heat Shield,1,20000001-0001-0001-0001-000000000097,2026-09-15T21:01:00Z,system,2026-09-15T21:01:00Z,system
30000001-0001-0001-0001-000000000662,EXH-ICHR-004,Exhaust Mount Bracket,1,20000001-0001-0001-0001-000000000097,2026-09-15T21:02:00Z,system,2026-09-15T21:02:00Z,system
30000001-0001-0001-0001-000000000663,EXH-ICHR-005,Exhaust Gasket,1,20000001-0001-0001-0001-000000000097,2026-09-15T21:03:00Z,system,2026-09-15T21:03:00Z,system
30000001-0001-0001-0001-000000000664,EXH-ICHR-006,Exhaust Clamp,1,20000001-0001-0001-0001-000000000097,2026-09-15T21:04:00Z,system,2026-09-15T21:04:00Z,system
30000001-0001-0001-0001-000000000665,EXH-ICHR-007,Oxygen Sensor,1,20000001-0001-0001-0001-000000000097,2026-09-15T21:05:00Z,system,2026-09-15T21:05:00Z,system
30000001-0001-0001-0001-000000000666,ACC-ICHR-001,Tool Kit,1,20000001-0001-0001-0001-000000000098,2026-09-15T21:06:00Z,system,2026-09-15T21:06:00Z,system
30000001-0001-0001-0001-000000000667,ACC-ICHR-002,Rear View Mirror Set,1,20000001-0001-0001-0001-000000000098,2026-09-15T21:07:00Z,system,2026-09-15T21:07:00Z,system
30000001-0001-0001-0001-000000000668,ACC-ICHR-003,Owner Manual,1,20000001-0001-0001-0001-000000000098,2026-09-15T21:08:00Z,system,2026-09-15T21:08:00Z,system
30000001-0001-0001-0001-000000000669,ACC-ICHR-004,First Aid Kit,1,20000001-0001-0001-0001-000000000098,2026-09-15T21:09:00Z,system,2026-09-15T21:09:00Z,system
30000001-0001-0001-0001-000000000670,ACC-ICHR-005,Number Plate Holder,1,20000001-0001-0001-0001-000000000098,2026-09-15T21:10:00Z,system,2026-09-15T21:10:00Z,system
30000001-0001-0001-0001-000000000671,ACC-ICHR-006,Saree Guard,1,20000001-0001-0001-0001-000000000098,2026-09-15T21:11:00Z,system,2026-09-15T21:11:00Z,system
30000001-0001-0001-0001-000000000672,ACC-ICHR-007,Protective Cover,1,20000001-0001-0001-0001-000000000098,2026-09-15T21:12:00Z,system,2026-09-15T21:12:00Z,system
30000001-0001-0001-0001-000000000673,ENG-ICUS-001,Engine Assembly,1,20000001-0001-0001-0001-000000000099,2026-09-15T21:13:00Z,system,2026-09-15T21:13:00Z,system
30000001-0001-0001-0001-000000000674,ENG-ICUS-002,Cylinder Head,1,20000001-0001-0001-0001-000000000099,2026-09-15T21:14:00Z,system,2026-09-15T21:14:00Z,system
30000001-0001-0001-0001-000000000675,ENG-ICUS-003,Crankcase,1,20000001-0001-0001-0001-000000000099,2026-09-15T21:15:00Z,system,2026-09-15T21:15:00Z,system
30000001-0001-0001-0001-000000000676,ENG-ICUS-004,Piston Assembly,1,20000001-0001-0001-0001-000000000099,2026-09-15T21:16:00Z,system,2026-09-15T21:16:00Z,system
30000001-0001-0001-0001-000000000677,ENG-ICUS-005,Connecting Rod,1,20000001-0001-0001-0001-000000000099,2026-09-15T21:17:00Z,system,2026-09-15T21:17:00Z,system
30000001-0001-0001-0001-000000000678,ENG-ICUS-006,Clutch Assembly,1,20000001-0001-0001-0001-000000000099,2026-09-15T21:18:00Z,system,2026-09-15T21:18:00Z,system
30000001-0001-0001-0001-000000000679,ENG-ICUS-007,Gearbox Assembly,1,20000001-0001-0001-0001-000000000099,2026-09-15T21:19:00Z,system,2026-09-15T21:19:00Z,system
30000001-0001-0001-0001-000000000680,FUEL-ICUS-001,Fuel Tank,1,20000001-0001-0001-0001-000000000100,2026-09-15T21:20:00Z,system,2026-09-15T21:20:00Z,system
30000001-0001-0001-0001-000000000681,FUEL-ICUS-002,Fuel Pump,1,20000001-0001-0001-0001-000000000100,2026-09-15T21:21:00Z,system,2026-09-15T21:21:00Z,system
30000001-0001-0001-0001-000000000682,FUEL-ICUS-003,Fuel Injector,1,20000001-0001-0001-0001-000000000100,2026-09-15T21:22:00Z,system,2026-09-15T21:22:00Z,system
30000001-0001-0001-0001-000000000683,FUEL-ICUS-004,Throttle Body,1,20000001-0001-0001-0001-000000000100,2026-09-15T21:23:00Z,system,2026-09-15T21:23:00Z,system
30000001-0001-0001-0001-000000000684,FUEL-ICUS-005,Fuel Pipe,2,20000001-0001-0001-0001-000000000100,2026-09-15T21:24:00Z,system,2026-09-15T21:24:00Z,system
30000001-0001-0001-0001-000000000685,FUEL-ICUS-006,Fuel Filter,1,20000001-0001-0001-0001-000000000100,2026-09-15T21:25:00Z,system,2026-09-15T21:25:00Z,system
30000001-0001-0001-0001-000000000686,FUEL-ICUS-007,Fuel Tank Cap,1,20000001-0001-0001-0001-000000000100,2026-09-15T21:26:00Z,system,2026-09-15T21:26:00Z,system
30000001-0001-0001-0001-000000000687,ELE-ICUS-001,Main Wiring Harness,1,20000001-0001-0001-0001-000000000101,2026-09-15T21:27:00Z,system,2026-09-15T21:27:00Z,system
30000001-0001-0001-0001-000000000688,ELE-ICUS-002,Battery,1,20000001-0001-0001-0001-000000000101,2026-09-15T21:28:00Z,system,2026-09-15T21:28:00Z,system
30000001-0001-0001-0001-000000000689,ELE-ICUS-003,ECU,1,20000001-0001-0001-0001-000000000101,2026-09-15T21:29:00Z,system,2026-09-15T21:29:00Z,system
30000001-0001-0001-0001-000000000690,ELE-ICUS-004,Ignition Coil,1,20000001-0001-0001-0001-000000000101,2026-09-15T21:30:00Z,system,2026-09-15T21:30:00Z,system
30000001-0001-0001-0001-000000000691,ELE-ICUS-005,Starter Motor,1,20000001-0001-0001-0001-000000000101,2026-09-15T21:31:00Z,system,2026-09-15T21:31:00Z,system
30000001-0001-0001-0001-000000000692,ELE-ICUS-006,Headlamp Assembly,1,20000001-0001-0001-0001-000000000101,2026-09-15T21:32:00Z,system,2026-09-15T21:32:00Z,system
30000001-0001-0001-0001-000000000693,ELE-ICUS-007,Indicator Set,1,20000001-0001-0001-0001-000000000101,2026-09-15T21:33:00Z,system,2026-09-15T21:33:00Z,system
30000001-0001-0001-0001-000000000694,FRONT-ICUS-001,Front Fork Assembly,1,20000001-0001-0001-0001-000000000102,2026-09-15T21:34:00Z,system,2026-09-15T21:34:00Z,system
30000001-0001-0001-0001-000000000695,FRONT-ICUS-002,Handlebar,1,20000001-0001-0001-0001-000000000102,2026-09-15T21:35:00Z,system,2026-09-15T21:35:00Z,system
30000001-0001-0001-0001-000000000696,FRONT-ICUS-003,Front Wheel,1,20000001-0001-0001-0001-000000000102,2026-09-15T21:36:00Z,system,2026-09-15T21:36:00Z,system
30000001-0001-0001-0001-000000000697,FRONT-ICUS-004,Front Brake Disc,1,20000001-0001-0001-0001-000000000102,2026-09-15T21:37:00Z,system,2026-09-15T21:37:00Z,system
30000001-0001-0001-0001-000000000698,FRONT-ICUS-005,Front Brake Caliper,1,20000001-0001-0001-0001-000000000102,2026-09-15T21:38:00Z,system,2026-09-15T21:38:00Z,system
30000001-0001-0001-0001-000000000699,FRONT-ICUS-006,Headlight Bracket,1,20000001-0001-0001-0001-000000000102,2026-09-15T21:39:00Z,system,2026-09-15T21:39:00Z,system
30000001-0001-0001-0001-000000000700,FRONT-ICUS-007,Front Fender,1,20000001-0001-0001-0001-000000000102,2026-09-15T21:40:00Z,system,2026-09-15T21:40:00Z,system
30000001-0001-0001-0001-000000000701,REAR-ICUS-001,Rear Wheel,1,20000001-0001-0001-0001-000000000103,2026-09-15T21:41:00Z,system,2026-09-15T21:41:00Z,system
30000001-0001-0001-0001-000000000702,REAR-ICUS-002,Rear Brake Disc,1,20000001-0001-0001-0001-000000000103,2026-09-15T21:42:00Z,system,2026-09-15T21:42:00Z,system
30000001-0001-0001-0001-000000000703,REAR-ICUS-003,Rear Brake Caliper,1,20000001-0001-0001-0001-000000000103,2026-09-15T21:43:00Z,system,2026-09-15T21:43:00Z,system
30000001-0001-0001-0001-000000000704,REAR-ICUS-004,Swingarm,1,20000001-0001-0001-0001-000000000103,2026-09-15T21:44:00Z,system,2026-09-15T21:44:00Z,system
30000001-0001-0001-0001-000000000705,REAR-ICUS-005,Rear Shock Absorber,2,20000001-0001-0001-0001-000000000103,2026-09-15T21:45:00Z,system,2026-09-15T21:45:00Z,system
30000001-0001-0001-0001-000000000706,REAR-ICUS-006,Chain Guard,1,20000001-0001-0001-0001-000000000103,2026-09-15T21:46:00Z,system,2026-09-15T21:46:00Z,system
30000001-0001-0001-0001-000000000707,REAR-ICUS-007,Rear Fender,1,20000001-0001-0001-0001-000000000103,2026-09-15T21:47:00Z,system,2026-09-15T21:47:00Z,system
30000001-0001-0001-0001-000000000708,FRAME-ICUS-001,Main Frame,1,20000001-0001-0001-0001-000000000104,2026-09-15T21:48:00Z,system,2026-09-15T21:48:00Z,system
30000001-0001-0001-0001-000000000709,FRAME-ICUS-002,Subframe,1,20000001-0001-0001-0001-000000000104,2026-09-15T21:49:00Z,system,2026-09-15T21:49:00Z,system
30000001-0001-0001-0001-000000000710,FRAME-ICUS-003,Steering Stem,1,20000001-0001-0001-0001-000000000104,2026-09-15T21:50:00Z,system,2026-09-15T21:50:00Z,system
30000001-0001-0001-0001-000000000711,FRAME-ICUS-004,Footrest Assembly,1,20000001-0001-0001-0001-000000000104,2026-09-15T21:51:00Z,system,2026-09-15T21:51:00Z,system
30000001-0001-0001-0001-000000000712,FRAME-ICUS-005,Side Stand,1,20000001-0001-0001-0001-000000000104,2026-09-15T21:52:00Z,system,2026-09-15T21:52:00Z,system
30000001-0001-0001-0001-000000000713,FRAME-ICUS-006,Center Stand,1,20000001-0001-0001-0001-000000000104,2026-09-15T21:53:00Z,system,2026-09-15T21:53:00Z,system
30000001-0001-0001-0001-000000000714,FRAME-ICUS-007,Crash Guard,1,20000001-0001-0001-0001-000000000104,2026-09-15T21:54:00Z,system,2026-09-15T21:54:00Z,system
30000001-0001-0001-0001-000000000715,EXH-ICUS-001,Exhaust Header,1,20000001-0001-0001-0001-000000000105,2026-09-15T21:55:00Z,system,2026-09-15T21:55:00Z,system
30000001-0001-0001-0001-000000000716,EXH-ICUS-002,Silencer,1,20000001-0001-0001-0001-000000000105,2026-09-15T21:56:00Z,system,2026-09-15T21:56:00Z,system
30000001-0001-0001-0001-000000000717,EXH-ICUS-003,Exhaust Heat Shield,1,20000001-0001-0001-0001-000000000105,2026-09-15T21:57:00Z,system,2026-09-15T21:57:00Z,system
30000001-0001-0001-0001-000000000718,EXH-ICUS-004,Exhaust Mount Bracket,1,20000001-0001-0001-0001-000000000105,2026-09-15T21:58:00Z,system,2026-09-15T21:58:00Z,system
30000001-0001-0001-0001-000000000719,EXH-ICUS-005,Exhaust Gasket,1,20000001-0001-0001-0001-000000000105,2026-09-15T21:59:00Z,system,2026-09-15T21:59:00Z,system
30000001-0001-0001-0001-000000000720,EXH-ICUS-006,Exhaust Clamp,1,20000001-0001-0001-0001-000000000105,2026-09-15T22:00:00Z,system,2026-09-15T22:00:00Z,system
30000001-0001-0001-0001-000000000721,EXH-ICUS-007,Oxygen Sensor,1,20000001-0001-0001-0001-000000000105,2026-09-15T22:01:00Z,system,2026-09-15T22:01:00Z,system
30000001-0001-0001-0001-000000000722,ACC-CGT-001,Tool Kit,1,20000001-0001-0001-0001-000000000106,2026-09-15T22:02:00Z,system,2026-09-15T22:02:00Z,system
30000001-0001-0001-0001-000000000723,ACC-CGT-002,Rear View Mirror Set,1,20000001-0001-0001-0001-000000000106,2026-09-15T22:03:00Z,system,2026-09-15T22:03:00Z,system
30000001-0001-0001-0001-000000000724,ACC-CGT-003,Owner Manual,1,20000001-0001-0001-0001-000000000106,2026-09-15T22:04:00Z,system,2026-09-15T22:04:00Z,system
30000001-0001-0001-0001-000000000725,ACC-CGT-004,First Aid Kit,1,20000001-0001-0001-0001-000000000106,2026-09-15T22:05:00Z,system,2026-09-15T22:05:00Z,system
30000001-0001-0001-0001-000000000726,ACC-CGT-005,Number Plate Holder,1,20000001-0001-0001-0001-000000000106,2026-09-15T22:06:00Z,system,2026-09-15T22:06:00Z,system
30000001-0001-0001-0001-000000000727,ACC-CGT-006,Saree Guard,1,20000001-0001-0001-0001-000000000106,2026-09-15T22:07:00Z,system,2026-09-15T22:07:00Z,system
30000001-0001-0001-0001-000000000728,ACC-CGT-007,Protective Cover,1,20000001-0001-0001-0001-000000000106,2026-09-15T22:08:00Z,system,2026-09-15T22:08:00Z,system
30000001-0001-0001-0001-000000000729,ENG-CGT-001,Engine Assembly,1,20000001-0001-0001-0001-000000000107,2026-09-15T22:09:00Z,system,2026-09-15T22:09:00Z,system
30000001-0001-0001-0001-000000000730,ENG-CGT-002,Cylinder Head,1,20000001-0001-0001-0001-000000000107,2026-09-15T22:10:00Z,system,2026-09-15T22:10:00Z,system
30000001-0001-0001-0001-000000000731,ENG-CGT-003,Crankcase,1,20000001-0001-0001-0001-000000000107,2026-09-15T22:11:00Z,system,2026-09-15T22:11:00Z,system
30000001-0001-0001-0001-000000000732,ENG-CGT-004,Piston Assembly,1,20000001-0001-0001-0001-000000000107,2026-09-15T22:12:00Z,system,2026-09-15T22:12:00Z,system
30000001-0001-0001-0001-000000000733,ENG-CGT-005,Connecting Rod,1,20000001-0001-0001-0001-000000000107,2026-09-15T22:13:00Z,system,2026-09-15T22:13:00Z,system
30000001-0001-0001-0001-000000000734,ENG-CGT-006,Clutch Assembly,1,20000001-0001-0001-0001-000000000107,2026-09-15T22:14:00Z,system,2026-09-15T22:14:00Z,system
30000001-0001-0001-0001-000000000735,ENG-CGT-007,Gearbox Assembly,1,20000001-0001-0001-0001-000000000107,2026-09-15T22:15:00Z,system,2026-09-15T22:15:00Z,system
30000001-0001-0001-0001-000000000736,FUEL-CGT-001,Fuel Tank,1,20000001-0001-0001-0001-000000000108,2026-09-15T22:16:00Z,system,2026-09-15T22:16:00Z,system
30000001-0001-0001-0001-000000000737,FUEL-CGT-002,Fuel Pump,1,20000001-0001-0001-0001-000000000108,2026-09-15T22:17:00Z,system,2026-09-15T22:17:00Z,system
30000001-0001-0001-0001-000000000738,FUEL-CGT-003,Fuel Injector,1,20000001-0001-0001-0001-000000000108,2026-09-15T22:18:00Z,system,2026-09-15T22:18:00Z,system
30000001-0001-0001-0001-000000000739,FUEL-CGT-004,Throttle Body,1,20000001-0001-0001-0001-000000000108,2026-09-15T22:19:00Z,system,2026-09-15T22:19:00Z,system
30000001-0001-0001-0001-000000000740,FUEL-CGT-005,Fuel Pipe,2,20000001-0001-0001-0001-000000000108,2026-09-15T22:20:00Z,system,2026-09-15T22:20:00Z,system
30000001-0001-0001-0001-000000000741,FUEL-CGT-006,Fuel Filter,1,20000001-0001-0001-0001-000000000108,2026-09-15T22:21:00Z,system,2026-09-15T22:21:00Z,system
30000001-0001-0001-0001-000000000742,FUEL-CGT-007,Fuel Tank Cap,1,20000001-0001-0001-0001-000000000108,2026-09-15T22:22:00Z,system,2026-09-15T22:22:00Z,system
30000001-0001-0001-0001-000000000743,ELE-CGT-001,Main Wiring Harness,1,20000001-0001-0001-0001-000000000109,2026-09-15T22:23:00Z,system,2026-09-15T22:23:00Z,system
30000001-0001-0001-0001-000000000744,ELE-CGT-002,Battery,1,20000001-0001-0001-0001-000000000109,2026-09-15T22:24:00Z,system,2026-09-15T22:24:00Z,system
30000001-0001-0001-0001-000000000745,ELE-CGT-003,ECU,1,20000001-0001-0001-0001-000000000109,2026-09-15T22:25:00Z,system,2026-09-15T22:25:00Z,system
30000001-0001-0001-0001-000000000746,ELE-CGT-004,Ignition Coil,1,20000001-0001-0001-0001-000000000109,2026-09-15T22:26:00Z,system,2026-09-15T22:26:00Z,system
30000001-0001-0001-0001-000000000747,ELE-CGT-005,Starter Motor,1,20000001-0001-0001-0001-000000000109,2026-09-15T22:27:00Z,system,2026-09-15T22:27:00Z,system
30000001-0001-0001-0001-000000000748,ELE-CGT-006,Headlamp Assembly,1,20000001-0001-0001-0001-000000000109,2026-09-15T22:28:00Z,system,2026-09-15T22:28:00Z,system
30000001-0001-0001-0001-000000000749,ELE-CGT-007,Indicator Set,1,20000001-0001-0001-0001-000000000109,2026-09-15T22:29:00Z,system,2026-09-15T22:29:00Z,system
30000001-0001-0001-0001-000000000750,FRONT-CGT-001,Front Fork Assembly,1,20000001-0001-0001-0001-000000000110,2026-09-15T22:30:00Z,system,2026-09-15T22:30:00Z,system
30000001-0001-0001-0001-000000000751,FRONT-CGT-002,Handlebar,1,20000001-0001-0001-0001-000000000110,2026-09-15T22:31:00Z,system,2026-09-15T22:31:00Z,system
30000001-0001-0001-0001-000000000752,FRONT-CGT-003,Front Wheel,1,20000001-0001-0001-0001-000000000110,2026-09-15T22:32:00Z,system,2026-09-15T22:32:00Z,system
30000001-0001-0001-0001-000000000753,FRONT-CGT-004,Front Brake Disc,1,20000001-0001-0001-0001-000000000110,2026-09-15T22:33:00Z,system,2026-09-15T22:33:00Z,system
30000001-0001-0001-0001-000000000754,FRONT-CGT-005,Front Brake Caliper,1,20000001-0001-0001-0001-000000000110,2026-09-15T22:34:00Z,system,2026-09-15T22:34:00Z,system
30000001-0001-0001-0001-000000000755,FRONT-CGT-006,Headlight Bracket,1,20000001-0001-0001-0001-000000000110,2026-09-15T22:35:00Z,system,2026-09-15T22:35:00Z,system
30000001-0001-0001-0001-000000000756,FRONT-CGT-007,Front Fender,1,20000001-0001-0001-0001-000000000110,2026-09-15T22:36:00Z,system,2026-09-15T22:36:00Z,system
30000001-0001-0001-0001-000000000757,REAR-CGT-001,Rear Wheel,1,20000001-0001-0001-0001-000000000111,2026-09-15T22:37:00Z,system,2026-09-15T22:37:00Z,system
30000001-0001-0001-0001-000000000758,REAR-CGT-002,Rear Brake Disc,1,20000001-0001-0001-0001-000000000111,2026-09-15T22:38:00Z,system,2026-09-15T22:38:00Z,system
30000001-0001-0001-0001-000000000759,REAR-CGT-003,Rear Brake Caliper,1,20000001-0001-0001-0001-000000000111,2026-09-15T22:39:00Z,system,2026-09-15T22:39:00Z,system
30000001-0001-0001-0001-000000000760,REAR-CGT-004,Swingarm,1,20000001-0001-0001-0001-000000000111,2026-09-15T22:40:00Z,system,2026-09-15T22:40:00Z,system
30000001-0001-0001-0001-000000000761,REAR-CGT-005,Rear Shock Absorber,2,20000001-0001-0001-0001-000000000111,2026-09-15T22:41:00Z,system,2026-09-15T22:41:00Z,system
30000001-0001-0001-0001-000000000762,REAR-CGT-006,Chain Guard,1,20000001-0001-0001-0001-000000000111,2026-09-15T22:42:00Z,system,2026-09-15T22:42:00Z,system
30000001-0001-0001-0001-000000000763,REAR-CGT-007,Rear Fender,1,20000001-0001-0001-0001-000000000111,2026-09-15T22:43:00Z,system,2026-09-15T22:43:00Z,system
30000001-0001-0001-0001-000000000764,FRAME-CGT-001,Main Frame,1,20000001-0001-0001-0001-000000000112,2026-09-15T22:44:00Z,system,2026-09-15T22:44:00Z,system
30000001-0001-0001-0001-000000000765,FRAME-CGT-002,Subframe,1,20000001-0001-0001-0001-000000000112,2026-09-15T22:45:00Z,system,2026-09-15T22:45:00Z,system
30000001-0001-0001-0001-000000000766,FRAME-CGT-003,Steering Stem,1,20000001-0001-0001-0001-000000000112,2026-09-15T22:46:00Z,system,2026-09-15T22:46:00Z,system
30000001-0001-0001-0001-000000000767,FRAME-CGT-004,Footrest Assembly,1,20000001-0001-0001-0001-000000000112,2026-09-15T22:47:00Z,system,2026-09-15T22:47:00Z,system
30000001-0001-0001-0001-000000000768,FRAME-CGT-005,Side Stand,1,20000001-0001-0001-0001-000000000112,2026-09-15T22:48:00Z,system,2026-09-15T22:48:00Z,system
30000001-0001-0001-0001-000000000769,FRAME-CGT-006,Center Stand,1,20000001-0001-0001-0001-000000000112,2026-09-15T22:49:00Z,system,2026-09-15T22:49:00Z,system
30000001-0001-0001-0001-000000000770,FRAME-CGT-007,Crash Guard,1,20000001-0001-0001-0001-000000000112,2026-09-15T22:50:00Z,system,2026-09-15T22:50:00Z,system
30000001-0001-0001-0001-000000000771,EXH-CGC-001,Exhaust Header,1,20000001-0001-0001-0001-000000000113,2026-09-15T22:51:00Z,system,2026-09-15T22:51:00Z,system
30000001-0001-0001-0001-000000000772,EXH-CGC-002,Silencer,1,20000001-0001-0001-0001-000000000113,2026-09-15T22:52:00Z,system,2026-09-15T22:52:00Z,system
30000001-0001-0001-0001-000000000773,EXH-CGC-003,Exhaust Heat Shield,1,20000001-0001-0001-0001-000000000113,2026-09-15T22:53:00Z,system,2026-09-15T22:53:00Z,system
30000001-0001-0001-0001-000000000774,EXH-CGC-004,Exhaust Mount Bracket,1,20000001-0001-0001-0001-000000000113,2026-09-15T22:54:00Z,system,2026-09-15T22:54:00Z,system
30000001-0001-0001-0001-000000000775,EXH-CGC-005,Exhaust Gasket,1,20000001-0001-0001-0001-000000000113,2026-09-15T22:55:00Z,system,2026-09-15T22:55:00Z,system
30000001-0001-0001-0001-000000000776,EXH-CGC-006,Exhaust Clamp,1,20000001-0001-0001-0001-000000000113,2026-09-15T22:56:00Z,system,2026-09-15T22:56:00Z,system
30000001-0001-0001-0001-000000000777,EXH-CGC-007,Oxygen Sensor,1,20000001-0001-0001-0001-000000000113,2026-09-15T22:57:00Z,system,2026-09-15T22:57:00Z,system
30000001-0001-0001-0001-000000000778,ACC-CGC-001,Tool Kit,1,20000001-0001-0001-0001-000000000114,2026-09-15T22:58:00Z,system,2026-09-15T22:58:00Z,system
30000001-0001-0001-0001-000000000779,ACC-CGC-002,Rear View Mirror Set,1,20000001-0001-0001-0001-000000000114,2026-09-15T22:59:00Z,system,2026-09-15T22:59:00Z,system
30000001-0001-0001-0001-000000000780,ACC-CGC-003,Owner Manual,1,20000001-0001-0001-0001-000000000114,2026-09-15T23:00:00Z,system,2026-09-15T23:00:00Z,system
30000001-0001-0001-0001-000000000781,ACC-CGC-004,First Aid Kit,1,20000001-0001-0001-0001-000000000114,2026-09-15T23:01:00Z,system,2026-09-15T23:01:00Z,system
30000001-0001-0001-0001-000000000782,ACC-CGC-005,Number Plate Holder,1,20000001-0001-0001-0001-000000000114,2026-09-15T23:02:00Z,system,2026-09-15T23:02:00Z,system
30000001-0001-0001-0001-000000000783,ACC-CGC-006,Saree Guard,1,20000001-0001-0001-0001-000000000114,2026-09-15T23:03:00Z,system,2026-09-15T23:03:00Z,system
30000001-0001-0001-0001-000000000784,ACC-CGC-007,Protective Cover,1,20000001-0001-0001-0001-000000000114,2026-09-15T23:04:00Z,system,2026-09-15T23:04:00Z,system
30000001-0001-0001-0001-000000000785,ENG-CGC-001,Engine Assembly,1,20000001-0001-0001-0001-000000000115,2026-09-15T23:05:00Z,system,2026-09-15T23:05:00Z,system
30000001-0001-0001-0001-000000000786,ENG-CGC-002,Cylinder Head,1,20000001-0001-0001-0001-000000000115,2026-09-15T23:06:00Z,system,2026-09-15T23:06:00Z,system
30000001-0001-0001-0001-000000000787,ENG-CGC-003,Crankcase,1,20000001-0001-0001-0001-000000000115,2026-09-15T23:07:00Z,system,2026-09-15T23:07:00Z,system
30000001-0001-0001-0001-000000000788,ENG-CGC-004,Piston Assembly,1,20000001-0001-0001-0001-000000000115,2026-09-15T23:08:00Z,system,2026-09-15T23:08:00Z,system
30000001-0001-0001-0001-000000000789,ENG-CGC-005,Connecting Rod,1,20000001-0001-0001-0001-000000000115,2026-09-15T23:09:00Z,system,2026-09-15T23:09:00Z,system
30000001-0001-0001-0001-000000000790,ENG-CGC-006,Clutch Assembly,1,20000001-0001-0001-0001-000000000115,2026-09-15T23:10:00Z,system,2026-09-15T23:10:00Z,system
30000001-0001-0001-0001-000000000791,ENG-CGC-007,Gearbox Assembly,1,20000001-0001-0001-0001-000000000115,2026-09-15T23:11:00Z,system,2026-09-15T23:11:00Z,system
30000001-0001-0001-0001-000000000792,FUEL-CGC-001,Fuel Tank,1,20000001-0001-0001-0001-000000000116,2026-09-15T23:12:00Z,system,2026-09-15T23:12:00Z,system
30000001-0001-0001-0001-000000000793,FUEL-CGC-002,Fuel Pump,1,20000001-0001-0001-0001-000000000116,2026-09-15T23:13:00Z,system,2026-09-15T23:13:00Z,system
30000001-0001-0001-0001-000000000794,FUEL-CGC-003,Fuel Injector,1,20000001-0001-0001-0001-000000000116,2026-09-15T23:14:00Z,system,2026-09-15T23:14:00Z,system
30000001-0001-0001-0001-000000000795,FUEL-CGC-004,Throttle Body,1,20000001-0001-0001-0001-000000000116,2026-09-15T23:15:00Z,system,2026-09-15T23:15:00Z,system
30000001-0001-0001-0001-000000000796,FUEL-CGC-005,Fuel Pipe,2,20000001-0001-0001-0001-000000000116,2026-09-15T23:16:00Z,system,2026-09-15T23:16:00Z,system
30000001-0001-0001-0001-000000000797,FUEL-CGC-006,Fuel Filter,1,20000001-0001-0001-0001-000000000116,2026-09-15T23:17:00Z,system,2026-09-15T23:17:00Z,system
30000001-0001-0001-0001-000000000798,FUEL-CGC-007,Fuel Tank Cap,1,20000001-0001-0001-0001-000000000116,2026-09-15T23:18:00Z,system,2026-09-15T23:18:00Z,system
30000001-0001-0001-0001-000000000799,ELE-CGC-001,Main Wiring Harness,1,20000001-0001-0001-0001-000000000117,2026-09-15T23:19:00Z,system,2026-09-15T23:19:00Z,system
30000001-0001-0001-0001-000000000800,ELE-CGC-002,Battery,1,20000001-0001-0001-0001-000000000117,2026-09-15T23:20:00Z,system,2026-09-15T23:20:00Z,system
30000001-0001-0001-0001-000000000801,ELE-CGC-003,ECU,1,20000001-0001-0001-0001-000000000117,2026-09-15T23:21:00Z,system,2026-09-15T23:21:00Z,system
30000001-0001-0001-0001-000000000802,ELE-CGC-004,Ignition Coil,1,20000001-0001-0001-0001-000000000117,2026-09-15T23:22:00Z,system,2026-09-15T23:22:00Z,system
30000001-0001-0001-0001-000000000803,ELE-CGC-005,Starter Motor,1,20000001-0001-0001-0001-000000000117,2026-09-15T23:23:00Z,system,2026-09-15T23:23:00Z,system
30000001-0001-0001-0001-000000000804,ELE-CGC-006,Headlamp Assembly,1,20000001-0001-0001-0001-000000000117,2026-09-15T23:24:00Z,system,2026-09-15T23:24:00Z,system
30000001-0001-0001-0001-000000000805,ELE-CGC-007,Indicator Set,1,20000001-0001-0001-0001-000000000117,2026-09-15T23:25:00Z,system,2026-09-15T23:25:00Z,system
30000001-0001-0001-0001-000000000806,FRONT-CGC-001,Front Fork Assembly,1,20000001-0001-0001-0001-000000000118,2026-09-15T23:26:00Z,system,2026-09-15T23:26:00Z,system
30000001-0001-0001-0001-000000000807,FRONT-CGC-002,Handlebar,1,20000001-0001-0001-0001-000000000118,2026-09-15T23:27:00Z,system,2026-09-15T23:27:00Z,system
30000001-0001-0001-0001-000000000808,FRONT-CGC-003,Front Wheel,1,20000001-0001-0001-0001-000000000118,2026-09-15T23:28:00Z,system,2026-09-15T23:28:00Z,system
30000001-0001-0001-0001-000000000809,FRONT-CGC-004,Front Brake Disc,1,20000001-0001-0001-0001-000000000118,2026-09-15T23:29:00Z,system,2026-09-15T23:29:00Z,system
30000001-0001-0001-0001-000000000810,FRONT-CGC-005,Front Brake Caliper,1,20000001-0001-0001-0001-000000000118,2026-09-15T23:30:00Z,system,2026-09-15T23:30:00Z,system
30000001-0001-0001-0001-000000000811,FRONT-CGC-006,Headlight Bracket,1,20000001-0001-0001-0001-000000000118,2026-09-15T23:31:00Z,system,2026-09-15T23:31:00Z,system
30000001-0001-0001-0001-000000000812,FRONT-CGC-007,Front Fender,1,20000001-0001-0001-0001-000000000118,2026-09-15T23:32:00Z,system,2026-09-15T23:32:00Z,system
30000001-0001-0001-0001-000000000813,REAR-CGC-001,Rear Wheel,1,20000001-0001-0001-0001-000000000119,2026-09-15T23:33:00Z,system,2026-09-15T23:33:00Z,system
30000001-0001-0001-0001-000000000814,REAR-CGC-002,Rear Brake Disc,1,20000001-0001-0001-0001-000000000119,2026-09-15T23:34:00Z,system,2026-09-15T23:34:00Z,system
30000001-0001-0001-0001-000000000815,REAR-CGC-003,Rear Brake Caliper,1,20000001-0001-0001-0001-000000000119,2026-09-15T23:35:00Z,system,2026-09-15T23:35:00Z,system
30000001-0001-0001-0001-000000000816,REAR-CGC-004,Swingarm,1,20000001-0001-0001-0001-000000000119,2026-09-15T23:36:00Z,system,2026-09-15T23:36:00Z,system
30000001-0001-0001-0001-000000000817,REAR-CGC-005,Rear Shock Absorber,2,20000001-0001-0001-0001-000000000119,2026-09-15T23:37:00Z,system,2026-09-15T23:37:00Z,system
30000001-0001-0001-0001-000000000818,REAR-CGC-006,Chain Guard,1,20000001-0001-0001-0001-000000000119,2026-09-15T23:38:00Z,system,2026-09-15T23:38:00Z,system
30000001-0001-0001-0001-000000000819,REAR-CGC-007,Rear Fender,1,20000001-0001-0001-0001-000000000119,2026-09-15T23:39:00Z,system,2026-09-15T23:39:00Z,system
30000001-0001-0001-0001-000000000820,FRAME-CGC-001,Main Frame,1,20000001-0001-0001-0001-000000000120,2026-09-15T23:40:00Z,system,2026-09-15T23:40:00Z,system
30000001-0001-0001-0001-000000000821,FRAME-CGC-002,Subframe,1,20000001-0001-0001-0001-000000000120,2026-09-15T23:41:00Z,system,2026-09-15T23:41:00Z,system
30000001-0001-0001-0001-000000000822,FRAME-CGC-003,Steering Stem,1,20000001-0001-0001-0001-000000000120,2026-09-15T23:42:00Z,system,2026-09-15T23:42:00Z,system
30000001-0001-0001-0001-000000000823,FRAME-CGC-004,Footrest Assembly,1,20000001-0001-0001-0001-000000000120,2026-09-15T23:43:00Z,system,2026-09-15T23:43:00Z,system
30000001-0001-0001-0001-000000000824,FRAME-CGC-005,Side Stand,1,20000001-0001-0001-0001-000000000120,2026-09-15T23:44:00Z,system,2026-09-15T23:44:00Z,system
30000001-0001-0001-0001-000000000825,FRAME-CGC-006,Center Stand,1,20000001-0001-0001-0001-000000000120,2026-09-15T23:45:00Z,system,2026-09-15T23:45:00Z,system
30000001-0001-0001-0001-000000000826,FRAME-CGC-007,Crash Guard,1,20000001-0001-0001-0001-000000000120,2026-09-15T23:46:00Z,system,2026-09-15T23:46:00Z,system
